implementation,measurement,experiment,trial,dimension,final_time,N,h,runtime_s,peak_rss_mib
Julia,baseline,baseline,1,0,0.0,0,0.0,0.0,541.0
Julia,baseline,baseline,2,0,0.0,0,0.0,0.0,543.328125
Julia,baseline,baseline,3,0,0.0,0,0.0,0.0,542.046875
Julia,baseline,baseline,4,0,0.0,0,0.0,0.0,540.640625
Julia,baseline,baseline,5,0,0.0,0,0.0,0.0,541.15625
Julia,solve,dimension,1,5,20.0,5120,0.00390625,0.01089725,554.390625
Julia,solve,dimension,2,5,20.0,5120,0.00390625,0.010233667,553.265625
Julia,solve,dimension,3,5,20.0,5120,0.00390625,0.010236417,572.828125
Julia,solve,dimension,4,5,20.0,5120,0.00390625,0.009968959,573.15625
Julia,solve,dimension,5,5,20.0,5120,0.00390625,0.009751959,572.609375
Julia,solve,dimension,1,10,20.0,5120,0.00390625,0.017751125,588.078125
Julia,solve,dimension,2,10,20.0,5120,0.00390625,0.020273625,590.296875
Julia,solve,dimension,3,10,20.0,5120,0.00390625,0.0180895,590.984375
Julia,solve,dimension,4,10,20.0,5120,0.00390625,0.019982959,589.78125
Julia,solve,dimension,5,10,20.0,5120,0.00390625,0.0186245,590.296875
Julia,solve,dimension,1,15,20.0,5120,0.00390625,0.024801959,602.96875
Julia,solve,dimension,2,15,20.0,5120,0.00390625,0.026263166,598.421875
Julia,solve,dimension,3,15,20.0,5120,0.00390625,0.025455708,601.84375
Julia,solve,dimension,4,15,20.0,5120,0.00390625,0.025424209,605.25
Julia,solve,dimension,5,15,20.0,5120,0.00390625,0.023738292,600.8125
Julia,solve,dimension,1,20,20.0,5120,0.00390625,0.033238625,617.640625
Julia,solve,dimension,2,20,20.0,5120,0.00390625,0.0452675,615.296875
Julia,solve,dimension,3,20,20.0,5120,0.00390625,0.033369584,614.453125
Julia,solve,dimension,4,20,20.0,5120,0.00390625,0.032986791,615.875
Julia,solve,dimension,5,20,20.0,5120,0.00390625,0.034316166,614.90625
Julia,solve,dimension,1,25,20.0,5120,0.00390625,0.05113975,647.1875
Julia,solve,dimension,2,25,20.0,5120,0.00390625,0.048571666,642.828125
Julia,solve,dimension,3,25,20.0,5120,0.00390625,0.049345125,643.234375
Julia,solve,dimension,4,25,20.0,5120,0.00390625,0.049881041,644.53125
Julia,solve,dimension,5,25,20.0,5120,0.00390625,0.051997917,636.421875
Julia,solve,dimension,1,30,20.0,5120,0.00390625,0.1663035,651.734375
Julia,solve,dimension,2,30,20.0,5120,0.00390625,0.173836166,651.25
Julia,solve,dimension,3,30,20.0,5120,0.00390625,0.164527208,651.765625
Julia,solve,dimension,4,30,20.0,5120,0.00390625,0.174153084,651.65625
Julia,solve,dimension,5,30,20.0,5120,0.00390625,0.168448417,654.359375
Julia,solve,dimension,1,35,20.0,5120,0.00390625,0.173417708,655.484375
Julia,solve,dimension,2,35,20.0,5120,0.00390625,0.167660708,667.875
Julia,solve,dimension,3,35,20.0,5120,0.00390625,0.174554083,665.65625
Julia,solve,dimension,4,35,20.0,5120,0.00390625,0.171693375,669.4375
Julia,solve,dimension,5,35,20.0,5120,0.00390625,0.169342542,668.78125
Julia,solve,dimension,1,40,20.0,5120,0.00390625,0.182794625,681.359375
Julia,solve,dimension,2,40,20.0,5120,0.00390625,0.199124042,648.6875
Julia,solve,dimension,3,40,20.0,5120,0.00390625,0.184820792,661.109375
Julia,solve,dimension,4,40,20.0,5120,0.00390625,0.200231125,669.296875
Julia,solve,dimension,5,40,20.0,5120,0.00390625,0.181042,682.703125
Julia,solve,interval,1,10,5.0,1280,0.00390625,0.003266791,557.5
Julia,solve,interval,2,10,5.0,1280,0.00390625,0.003271833,557.6875
Julia,solve,interval,3,10,5.0,1280,0.00390625,0.003368042,555.90625
Julia,solve,interval,4,10,5.0,1280,0.00390625,0.00333625,557.78125
Julia,solve,interval,5,10,5.0,1280,0.00390625,0.003323625,558.21875
Julia,solve,interval,1,10,10.0,2560,0.00390625,0.00880075,570.78125
Julia,solve,interval,2,10,10.0,2560,0.00390625,0.007375125,571.421875
Julia,solve,interval,3,10,10.0,2560,0.00390625,0.0075345,570.09375
Julia,solve,interval,4,10,10.0,2560,0.00390625,0.00750375,571.328125
Julia,solve,interval,5,10,10.0,2560,0.00390625,0.007608917,562.734375
Julia,solve,interval,1,10,15.0,3840,0.00390625,0.010129834,578.046875
Julia,solve,interval,2,10,15.0,3840,0.00390625,0.010155792,579.171875
Julia,solve,interval,3,10,15.0,3840,0.00390625,0.010018042,583.34375
Julia,solve,interval,4,10,15.0,3840,0.00390625,0.00978675,578.78125
Julia,solve,interval,5,10,15.0,3840,0.00390625,0.010441042,558.609375
Julia,solve,interval,1,10,20.0,5120,0.00390625,0.018143041,590.5
Julia,solve,interval,2,10,20.0,5120,0.00390625,0.018005917,590.28125
Julia,solve,interval,3,10,20.0,5120,0.00390625,0.02576075,552.609375
Julia,solve,interval,4,10,20.0,5120,0.00390625,0.019189209,568.421875
Julia,solve,interval,5,10,20.0,5120,0.00390625,0.01804375,590.359375
Julia,solve,interval,1,10,25.0,6400,0.00390625,0.023072708,576.5625
Julia,solve,interval,2,10,25.0,6400,0.00390625,0.021301958,590.4375
Julia,solve,interval,3,10,25.0,6400,0.00390625,0.023459584,579.09375
Julia,solve,interval,4,10,25.0,6400,0.00390625,0.0205745,588.140625
Julia,solve,interval,5,10,25.0,6400,0.00390625,0.021246583,590.625
Julia,solve,interval,1,10,30.0,7680,0.00390625,0.0236995,591.296875
Julia,solve,interval,2,10,30.0,7680,0.00390625,0.025010333,590.90625
Julia,solve,interval,3,10,30.0,7680,0.00390625,0.023643708,588.4375
Julia,solve,interval,4,10,30.0,7680,0.00390625,0.023485875,588.1875
Julia,solve,interval,5,10,30.0,7680,0.00390625,0.023261125,590.140625
Julia,solve,interval,1,10,35.0,8960,0.00390625,0.037606333,621.90625
Julia,solve,interval,2,10,35.0,8960,0.00390625,0.038226667,620.109375
Julia,solve,interval,3,10,35.0,8960,0.00390625,0.037138833,618.5625
Julia,solve,interval,4,10,35.0,8960,0.00390625,0.039338291,623.078125
Julia,solve,interval,5,10,35.0,8960,0.00390625,0.040641333,595.296875
Julia,solve,interval,1,10,40.0,10240,0.00390625,0.040856708,622.53125
Julia,solve,interval,2,10,40.0,10240,0.00390625,0.039787125,621.703125
Julia,solve,interval,3,10,40.0,10240,0.00390625,0.051770917,619.671875
Julia,solve,interval,4,10,40.0,10240,0.00390625,0.040448875,622.890625
Julia,solve,interval,5,10,40.0,10240,0.00390625,0.046934917,619.125
MATLAB,baseline,baseline,1,0,0.0,0,0.0,0.0,568.9375
MATLAB,baseline,baseline,2,0,0.0,0,0.0,0.0,573.25
MATLAB,baseline,baseline,3,0,0.0,0,0.0,0.0,575.21875
MATLAB,baseline,baseline,4,0,0.0,0,0.0,0.0,572.890625
MATLAB,baseline,baseline,5,0,0.0,0,0.0,0.0,549.984375
MATLAB,solve,dimension,1,5,20.0,5120,0.00390625,0.16346666666666668,565.671875
MATLAB,solve,dimension,2,5,20.0,5120,0.00390625,0.13463754166666667,620.0625
MATLAB,solve,dimension,3,5,20.0,5120,0.00390625,0.17470158333333333,620.546875
MATLAB,solve,dimension,4,5,20.0,5120,0.00390625,0.134485875,619.0625
MATLAB,solve,dimension,5,5,20.0,5120,0.00390625,0.13810470833333333,618.859375
MATLAB,solve,dimension,1,10,20.0,5120,0.00390625,0.14636525,616.125
MATLAB,solve,dimension,2,10,20.0,5120,0.00390625,0.15786870833333333,617.296875
MATLAB,solve,dimension,3,10,20.0,5120,0.00390625,0.16647341666666668,629.234375
MATLAB,solve,dimension,4,10,20.0,5120,0.00390625,0.15775233333333333,626.25
MATLAB,solve,dimension,5,10,20.0,5120,0.00390625,0.15850170833333332,625.1875
MATLAB,solve,dimension,1,15,20.0,5120,0.00390625,0.19718770833333332,569.671875
MATLAB,solve,dimension,2,15,20.0,5120,0.00390625,0.18395775,637.71875
MATLAB,solve,dimension,3,15,20.0,5120,0.00390625,0.16848029166666667,638.8125
MATLAB,solve,dimension,4,15,20.0,5120,0.00390625,0.17231575,634.984375
MATLAB,solve,dimension,5,15,20.0,5120,0.00390625,0.173933125,634.765625
MATLAB,solve,dimension,1,20,20.0,5120,0.00390625,0.17801566666666666,639.25
MATLAB,solve,dimension,2,20,20.0,5120,0.00390625,0.18179625,642.625
MATLAB,solve,dimension,3,20,20.0,5120,0.00390625,0.19060429166666668,643.625
MATLAB,solve,dimension,4,20,20.0,5120,0.00390625,0.188056125,572.53125
MATLAB,solve,dimension,5,20,20.0,5120,0.00390625,0.18396620833333333,615.21875
MATLAB,solve,dimension,1,25,20.0,5120,0.00390625,0.2000775,646.140625
MATLAB,solve,dimension,2,25,20.0,5120,0.00390625,0.206814125,648.34375
MATLAB,solve,dimension,3,25,20.0,5120,0.00390625,0.19236020833333334,617.265625
MATLAB,solve,dimension,4,25,20.0,5120,0.00390625,0.21079695833333334,652.1875
MATLAB,solve,dimension,5,25,20.0,5120,0.00390625,0.20158408333333333,647.0
MATLAB,solve,dimension,1,30,20.0,5120,0.00390625,0.242181,656.96875
MATLAB,solve,dimension,2,30,20.0,5120,0.00390625,0.22350558333333334,662.671875
MATLAB,solve,dimension,3,30,20.0,5120,0.00390625,0.2045295,654.171875
MATLAB,solve,dimension,4,30,20.0,5120,0.00390625,0.23281533333333335,659.140625
MATLAB,solve,dimension,5,30,20.0,5120,0.00390625,0.20830370833333334,598.625
MATLAB,solve,dimension,1,35,20.0,5120,0.00390625,0.21755008333333334,606.59375
MATLAB,solve,dimension,2,35,20.0,5120,0.00390625,0.23485475,652.625
MATLAB,solve,dimension,3,35,20.0,5120,0.00390625,0.27885,664.109375
MATLAB,solve,dimension,4,35,20.0,5120,0.00390625,0.22546479166666666,665.890625
MATLAB,solve,dimension,5,35,20.0,5120,0.00390625,0.23196970833333333,663.5
MATLAB,solve,dimension,1,40,20.0,5120,0.00390625,0.23012545833333334,673.46875
MATLAB,solve,dimension,2,40,20.0,5120,0.00390625,0.24636908333333332,675.171875
MATLAB,solve,dimension,3,40,20.0,5120,0.00390625,0.24728770833333333,670.421875
MATLAB,solve,dimension,4,40,20.0,5120,0.00390625,0.22529629166666668,670.859375
MATLAB,solve,dimension,5,40,20.0,5120,0.00390625,0.24833129166666668,605.171875
MATLAB,solve,interval,1,10,5.0,1280,0.00390625,0.07651154166666667,561.96875
MATLAB,solve,interval,2,10,5.0,1280,0.00390625,0.07552904166666667,558.265625
MATLAB,solve,interval,3,10,5.0,1280,0.00390625,0.08789395833333333,615.5
MATLAB,solve,interval,4,10,5.0,1280,0.00390625,0.072671875,618.015625
MATLAB,solve,interval,5,10,5.0,1280,0.00390625,0.07766779166666667,616.921875
MATLAB,solve,interval,1,10,10.0,2560,0.00390625,0.11101483333333333,564.625
MATLAB,solve,interval,2,10,10.0,2560,0.00390625,0.12589970833333333,562.1875
MATLAB,solve,interval,3,10,10.0,2560,0.00390625,0.12106670833333333,579.328125
MATLAB,solve,interval,4,10,10.0,2560,0.00390625,0.11275425,616.8125
MATLAB,solve,interval,5,10,10.0,2560,0.00390625,0.12208583333333334,621.15625
MATLAB,solve,interval,1,10,15.0,3840,0.00390625,0.13892375,620.109375
MATLAB,solve,interval,2,10,15.0,3840,0.00390625,0.127025625,563.34375
MATLAB,solve,interval,3,10,15.0,3840,0.00390625,0.12922379166666667,598.0625
MATLAB,solve,interval,4,10,15.0,3840,0.00390625,0.1288225,621.0
MATLAB,solve,interval,5,10,15.0,3840,0.00390625,0.12834366666666666,622.1875
MATLAB,solve,interval,1,10,20.0,5120,0.00390625,0.16899929166666666,629.109375
MATLAB,solve,interval,2,10,20.0,5120,0.00390625,0.15764904166666666,625.4375
MATLAB,solve,interval,3,10,20.0,5120,0.00390625,0.15493179166666668,529.953125
MATLAB,solve,interval,4,10,20.0,5120,0.00390625,0.16105391666666666,591.9375
MATLAB,solve,interval,5,10,20.0,5120,0.00390625,0.15593420833333332,626.875
MATLAB,solve,interval,1,10,25.0,6400,0.00390625,0.18743408333333333,628.75
MATLAB,solve,interval,2,10,25.0,6400,0.00390625,0.162249125,627.921875
MATLAB,solve,interval,3,10,25.0,6400,0.00390625,0.16688525,628.734375
MATLAB,solve,interval,4,10,25.0,6400,0.00390625,0.19111254166666666,574.84375
MATLAB,solve,interval,5,10,25.0,6400,0.00390625,0.174365125,630.90625
MATLAB,solve,interval,1,10,30.0,7680,0.00390625,0.19414275,629.53125
MATLAB,solve,interval,2,10,30.0,7680,0.00390625,0.19326254166666668,627.390625
MATLAB,solve,interval,3,10,30.0,7680,0.00390625,0.20043516666666666,630.953125
MATLAB,solve,interval,4,10,30.0,7680,0.00390625,0.21764266666666668,629.0625
MATLAB,solve,interval,5,10,30.0,7680,0.00390625,0.185471,561.90625
MATLAB,solve,interval,1,10,35.0,8960,0.00390625,0.246965875,610.140625
MATLAB,solve,interval,2,10,35.0,8960,0.00390625,0.21998270833333333,645.28125
MATLAB,solve,interval,3,10,35.0,8960,0.00390625,0.232906,640.734375
MATLAB,solve,interval,4,10,35.0,8960,0.00390625,0.23996816666666668,646.015625
MATLAB,solve,interval,5,10,35.0,8960,0.00390625,0.22733154166666666,645.28125
MATLAB,solve,interval,1,10,40.0,10240,0.00390625,0.23875008333333333,641.203125
MATLAB,solve,interval,2,10,40.0,10240,0.00390625,0.23001204166666667,640.828125
MATLAB,solve,interval,3,10,40.0,10240,0.00390625,0.24287679166666667,648.515625
MATLAB,solve,interval,4,10,40.0,10240,0.00390625,0.24329954166666667,571.21875
MATLAB,solve,interval,5,10,40.0,10240,0.00390625,0.244845125,636.625
Python,baseline,baseline,1,0,0.0,0,0.0,0.0,58.703125
Python,baseline,baseline,2,0,0.0,0,0.0,0.0,58.15625
Python,baseline,baseline,3,0,0.0,0,0.0,0.0,58.4375
Python,baseline,baseline,4,0,0.0,0,0.0,0.0,59.109375
Python,baseline,baseline,5,0,0.0,0,0.0,0.0,58.515625
Python,solve,dimension,1,5,20.0,5120,0.00390625,2.081141041009687,68.078125
Python,solve,dimension,2,5,20.0,5120,0.00390625,2.0623052080045454,65.796875
Python,solve,dimension,3,5,20.0,5120,0.00390625,2.062354375026189,65.8125
Python,solve,dimension,4,5,20.0,5120,0.00390625,2.0611567920423113,67.203125
Python,solve,dimension,5,5,20.0,5120,0.00390625,2.0657355000148527,65.5
Python,solve,dimension,1,10,20.0,5120,0.00390625,3.4656645000213757,72.96875
Python,solve,dimension,2,10,20.0,5120,0.00390625,3.4712430000072345,73.53125
Python,solve,dimension,3,10,20.0,5120,0.00390625,3.5397432500030845,75.546875
Python,solve,dimension,4,10,20.0,5120,0.00390625,3.508692042028997,71.59375
Python,solve,dimension,5,10,20.0,5120,0.00390625,3.4450335840228945,73.34375
Python,solve,dimension,1,15,20.0,5120,0.00390625,5.107672124984674,78.171875
Python,solve,dimension,2,15,20.0,5120,0.00390625,5.1654303329996765,81.125
Python,solve,dimension,3,15,20.0,5120,0.00390625,5.194119542022236,77.234375
Python,solve,dimension,4,15,20.0,5120,0.00390625,5.14261295896722,81.21875
Python,solve,dimension,5,15,20.0,5120,0.00390625,5.158755540964194,81.203125
Python,solve,dimension,1,20,20.0,5120,0.00390625,6.853819500014652,81.5
Python,solve,dimension,2,20,20.0,5120,0.00390625,6.770678792032413,83.96875
Python,solve,dimension,3,20,20.0,5120,0.00390625,6.764174165960867,85.015625
Python,solve,dimension,4,20,20.0,5120,0.00390625,6.820499583031051,88.15625
Python,solve,dimension,5,20,20.0,5120,0.00390625,6.746940875018481,85.171875
Python,solve,dimension,1,25,20.0,5120,0.00390625,8.692155708034988,91.875
Python,solve,dimension,2,25,20.0,5120,0.00390625,8.549432500032708,92.609375
Python,solve,dimension,3,25,20.0,5120,0.00390625,8.578877500025555,95.015625
Python,solve,dimension,4,25,20.0,5120,0.00390625,8.533419291954488,91.328125
Python,solve,dimension,5,25,20.0,5120,0.00390625,8.59772033302579,93.3125
Python,solve,dimension,1,30,20.0,5120,0.00390625,10.242322832986247,90.484375
Python,solve,dimension,2,30,20.0,5120,0.00390625,10.290757832990494,93.515625
Python,solve,dimension,3,30,20.0,5120,0.00390625,10.11036150000291,100.109375
Python,solve,dimension,4,30,20.0,5120,0.00390625,10.206550457980484,104.203125
Python,solve,dimension,5,30,20.0,5120,0.00390625,10.119445125048514,96.5625
Python,solve,dimension,1,35,20.0,5120,0.00390625,11.931397834036034,101.921875
Python,solve,dimension,2,35,20.0,5120,0.00390625,11.971647083002608,108.265625
Python,solve,dimension,3,35,20.0,5120,0.00390625,11.940213040972594,107.609375
Python,solve,dimension,4,35,20.0,5120,0.00390625,12.059307458985131,104.71875
Python,solve,dimension,5,35,20.0,5120,0.00390625,11.928711332962848,103.90625
Python,solve,dimension,1,40,20.0,5120,0.00390625,13.904854250024073,107.171875
Python,solve,dimension,2,40,20.0,5120,0.00390625,14.025907999952324,107.796875
Python,solve,dimension,3,40,20.0,5120,0.00390625,13.902369791991077,107.234375
Python,solve,dimension,4,40,20.0,5120,0.00390625,14.014950625016354,114.65625
Python,solve,dimension,5,40,20.0,5120,0.00390625,13.907098874973599,107.078125
Python,solve,interval,1,10,5.0,1280,0.00390625,0.23941658396506682,60.640625
Python,solve,interval,2,10,5.0,1280,0.00390625,0.24388800002634525,60.953125
Python,solve,interval,3,10,5.0,1280,0.00390625,0.23876291600754485,60.578125
Python,solve,interval,4,10,5.0,1280,0.00390625,0.24229374999413267,60.140625
Python,solve,interval,5,10,5.0,1280,0.00390625,0.24235470802523196,60.796875
Python,solve,interval,1,10,10.0,2560,0.00390625,0.8854443340096623,63.796875
Python,solve,interval,2,10,10.0,2560,0.00390625,0.9254393330193125,68.671875
Python,solve,interval,3,10,10.0,2560,0.00390625,0.8997973750228994,67.53125
Python,solve,interval,4,10,10.0,2560,0.00390625,0.8956139580113813,65.65625
Python,solve,interval,5,10,10.0,2560,0.00390625,0.8863168330281042,65.046875
Python,solve,interval,1,10,15.0,3840,0.00390625,1.9514203330036253,71.84375
Python,solve,interval,2,10,15.0,3840,0.00390625,1.936810459010303,71.46875
Python,solve,interval,3,10,15.0,3840,0.00390625,1.9485868340125307,72.765625
Python,solve,interval,4,10,15.0,3840,0.00390625,1.9562334580114111,68.203125
Python,solve,interval,5,10,15.0,3840,0.00390625,1.9470229999860749,71.25
Python,solve,interval,1,10,20.0,5120,0.00390625,3.421924499969464,72.0
Python,solve,interval,2,10,20.0,5120,0.00390625,3.4252408749889582,72.53125
Python,solve,interval,3,10,20.0,5120,0.00390625,3.446026207995601,72.671875
Python,solve,interval,4,10,20.0,5120,0.00390625,3.4482344170100987,73.453125
Python,solve,interval,5,10,20.0,5120,0.00390625,3.458246333000716,70.875
Python,solve,interval,1,10,25.0,6400,0.00390625,5.415754416957498,74.75
Python,solve,interval,2,10,25.0,6400,0.00390625,5.423685292014852,79.25
Python,solve,interval,3,10,25.0,6400,0.00390625,5.371256124984939,76.15625
Python,solve,interval,4,10,25.0,6400,0.00390625,5.417692916991655,78.15625
Python,solve,interval,5,10,25.0,6400,0.00390625,5.398147667001467,77.546875
Python,solve,interval,1,10,30.0,7680,0.00390625,7.8346829999936745,82.421875
Python,solve,interval,2,10,30.0,7680,0.00390625,7.7969928329694085,80.09375
Python,solve,interval,3,10,30.0,7680,0.00390625,7.831134167034179,79.96875
Python,solve,interval,4,10,30.0,7680,0.00390625,7.844414458959363,74.4375
Python,solve,interval,5,10,30.0,7680,0.00390625,7.898433999973349,82.609375
Python,solve,interval,1,10,35.0,8960,0.00390625,10.710295833006967,85.109375
Python,solve,interval,2,10,35.0,8960,0.00390625,10.658761124999728,84.546875
Python,solve,interval,3,10,35.0,8960,0.00390625,10.632057417009491,83.421875
Python,solve,interval,4,10,35.0,8960,0.00390625,10.68062037503114,85.859375
Python,solve,interval,5,10,35.0,8960,0.00390625,10.776380540977698,79.734375
Python,solve,interval,1,10,40.0,10240,0.00390625,13.908399333013222,90.0
Python,solve,interval,2,10,40.0,10240,0.00390625,14.01537737500621,86.46875
Python,solve,interval,3,10,40.0,10240,0.00390625,14.076153874979354,79.25
Python,solve,interval,4,10,40.0,10240,0.00390625,14.153704209020361,83.75
Python,solve,interval,5,10,40.0,10240,0.00390625,14.097853666986339,91.328125
