time,q05,q25,q50,q75,q95,width50,width90
6.3,0.06379855006323373,0.08045023272630097,0.09770689429548897,0.12178565380598835,0.1645804855038387,0.04133542107968738,0.10078193544060496
6.35,0.06385298354170525,0.08071677380975958,0.0977782933889689,0.12191510023380053,0.16526582201005047,0.04119832642404095,0.10141283846834521
6.4,0.06389306985249285,0.08092183835688493,0.0979120891522945,0.12215461058947057,0.16571266557413694,0.04123277223258563,0.10181959572164409
6.45,0.06393938411440656,0.08100099653395623,0.09796534109908991,0.12246310605206656,0.16653971733712336,0.04146210951811033,0.1026003332227168
6.5,0.06399590939157236,0.08117383203965386,0.09803132770549526,0.12265968959959009,0.16770062361913807,0.04148585755993622,0.1037047142275657
6.55,0.06408084516183436,0.08139087032759613,0.09838272585562088,0.12304060686055932,0.1689554620100177,0.04164973653296318,0.10487461684818335
6.6,0.06417955953535939,0.08117867743548685,0.09881551681552392,0.12352133658077603,0.17013741446425262,0.04234265914528919,0.10595785492889323
6.65,0.06426401601543386,0.08122865154350409,0.09916358681576881,0.12401908763933071,0.17149783162953777,0.042790436095826626,0.10723381561410392
6.7,0.06421278552521531,0.08118993504145625,0.09926455865013116,0.124128166701779,0.17268065244258318,0.04293823166032275,0.10846786691736787
6.75,0.06416431200023671,0.08121713176659492,0.09951592270197426,0.12422222342401398,0.17354450428913737,0.04300509165741906,0.10938019228890065
6.8,0.06412076652642552,0.08132167368348514,0.09966646452176214,0.12430307929647394,0.17448585853702636,0.0429814056129888,0.11036509201060084
6.85,0.06408618043122953,0.08134017880421693,0.09987232021743195,0.1244798478710881,0.17542939327434542,0.04313966906687117,0.1113432128431159
6.9,0.06410579502105646,0.08147343332727455,0.10016985370908815,0.12480378765818773,0.17633005986679615,0.04333035433091317,0.11222426484573969
6.95,0.0641725580641056,0.08144966494502513,0.10030355156810082,0.12544885767409256,0.17831548571272982,0.043999192729067424,0.11414292764862422
7.0,0.06424019234610319,0.08171868711927219,0.10054582196636913,0.12594357250628907,0.17953705499160355,0.04422488538701688,0.11529686264550036
7.05,0.06434301068395591,0.08192015742156586,0.10071574429949248,0.1263373255814004,0.1804451631204702,0.04441716815983454,0.1161021524365143
7.1,0.06445715549739121,0.08203169682400566,0.10074205654593393,0.12668961716228638,0.18078810877432538,0.04465792033828073,0.11633095327693417
7.15,0.06453201479399705,0.08215727802094722,0.10082792630249726,0.12708916305429552,0.18187366988521558,0.0449318850333483,0.11734165509121854
7.2,0.06459473001449628,0.08208703765594455,0.10093035456904112,0.12718158566748083,0.1829744270626567,0.045094548011536284,0.11837969704816043
7.25,0.0646544641031262,0.08208366863939767,0.10113902401462001,0.1273941910833979,0.18409009356043177,0.04531052244400022,0.11943562945730557
7.3,0.06469442588175328,0.08215827751539206,0.10129746378905706,0.12758679119136238,0.1851723602666378,0.04542851367597031,0.12047793438488452
7.35,0.06469270603576008,0.08216381839497815,0.10169719497308644,0.12810949575113792,0.18623420317529324,0.04594567735615977,0.12154149713953316
7.4,0.06469830709884294,0.08215679066636493,0.10191817155820347,0.12889278294094422,0.1867597364540617,0.046735992274579294,0.12206142935521874
7.45,0.06471036960317544,0.0821753578975428,0.10220187133265575,0.12931796282330899,0.18802363869578587,0.04714260492576619,0.12331326909261042
7.5,0.06473987407870138,0.08226256715397047,0.10240973790956096,0.12989926018555448,0.18913297534303064,0.04763669303158401,0.12439310126432926
7.55,0.06483060183161321,0.08229576110068752,0.1026362933058615,0.1304541295098242,0.1900844654968969,0.04815836840913669,0.12525386366528368
7.6,0.06488660644691407,0.08216930195030082,0.10285158634560965,0.13037236361321625,0.1910507615053227,0.04820306166291542,0.12616415505840864
7.65,0.06488407046497663,0.08222061944112213,0.10302515317835866,0.13032412915352498,0.1916315042447574,0.04810350971240285,0.12674743377978076
7.7,0.06487755370920452,0.0822208728832281,0.1031634751654949,0.13070678293373586,0.19207999419604913,0.04848591005050776,0.1272024404868446
7.75,0.06486753584135144,0.08221700209206631,0.10319025419956326,0.1311709567979673,0.19255640253755868,0.048953954705901,0.12768886669620724
7.8,0.0648545114136221,0.08219284289755888,0.10337441076313014,0.1312796659627225,0.19306493825245377,0.049086823065163626,0.12821042683883166
7.85,0.06483897003138983,0.08219084006667256,0.10344888866154009,0.13165239436434403,0.19395255819559107,0.049461554297671476,0.12911358816420124
7.9,0.06483253450291239,0.08220844879933176,0.10353665286207547,0.13149355018636372,0.19416042200598843,0.04928510138703196,0.12932788750307606
7.95,0.06484938117226055,0.08205181006233694,0.1036193329000048,0.13205459309703,0.19511359162941633,0.05000278303469305,0.13026421045715578
8.0,0.0648645860084304,0.08202290152071536,0.10373372116563856,0.13249597135596108,0.19547552142497032,0.05047306983524573,0.13061093541653993
8.05,0.06487763477799227,0.08225766545687052,0.10385578239639937,0.13293406661087656,0.19573893159486294,0.05067640115400604,0.13086129681687067
8.1,0.06488811005554863,0.0821893480222626,0.10385118634122387,0.13308474088586253,0.19586948742725702,0.050895392863599925,0.1309813773717084
8.15,0.06489568981502496,0.0820429315213927,0.10388914108925884,0.13292372760101492,0.19597351761638537,0.05088079607962222,0.1310778278013604
8.2,0.06490014348671812,0.0819920805022851,0.10386550201046695,0.13379641645240176,0.1959339685155869,0.05180433595011666,0.1310338250288688
8.25,0.06490132603070786,0.08202764398510222,0.1038867325326154,0.13466601581314422,0.1966923978704859,0.052638371828042,0.13179107183977803
8.3,0.06489917057106881,0.082117485247223,0.10395429732698837,0.13480976401121106,0.1978137779426295,0.05269227876398806,0.1329146073715607
8.35,0.06489368010915542,0.0819934305454344,0.10397705482807634,0.1345738340697411,0.19929322360625573,0.05258040352430671,0.13439954349710032
8.4,0.06488491879141763,0.08203202517978159,0.1039104575920055,0.13498323003197374,0.2014275877287619,0.05295120485219215,0.1365426689373443
8.45,0.06487300315102743,0.08214148993388061,0.10386596356628852,0.13546804396834367,0.20296759606171155,0.053326554034463056,0.13809459291068413
8.5,0.06485809367638622,0.08219595633850768,0.10381289390696023,0.13595050007621653,0.20385253134231734,0.053754543737708854,0.13899443766593111
8.55,0.06484038698666848,0.08211504009455442,0.10382908416684439,0.13566714924730086,0.2041146328932343,0.05355210915274644,0.13927424590656584
8.6,0.06482010881829281,0.08205896795322222,0.10384043680306917,0.13535100365821157,0.2044239784664927,0.053292035704989346,0.1396038696481999
8.65,0.06480758438161541,0.08203939206712604,0.10372397846862089,0.1358582565928744,0.2046398058307371,0.053818864525748356,0.1398322214491217
8.7,0.06479555723620914,0.08202674036880447,0.10362068224281595,0.13580947071768112,0.20476697263984114,0.05378273034887665,0.139971415403632
8.75,0.06478112192228799,0.08201859738053424,0.10355312458154001,0.1359796953084904,0.20511078141443684,0.05396109792795617,0.14032965949214884
8.8,0.06476433971499966,0.08201128534862777,0.1034839061408363,0.1362682904923321,0.20554253451202453,0.05425700514370434,0.14077819479702486
8.85,0.06474531858562435,0.08196638258388822,0.103414121469344,0.1367005782457861,0.20615722470323494,0.05473419566189788,0.1414119061176106
8.9,0.06472421238047996,0.08195464177284714,0.10339054885517313,0.13693298044762525,0.206733170574658,0.05497833867477811,0.14200895819417805
8.95,0.06470245170047881,0.08198356952397791,0.10331669000303217,0.13703623639720014,0.20739422521995715,0.05505266687322223,0.14269177351947834
9.0,0.06468085452700564,0.08197298967132047,0.10319398133531751,0.1371242858074775,0.2079019291693861,0.05515129613615702,0.14322107464238046
9.05,0.06465730892136681,0.08189186039819209,0.10323272184977,0.13704542611351986,0.20819603934720898,0.05515356571532777,0.14353873042584217
9.1,0.06464042201865633,0.0818008897541555,0.10326794093460819,0.13695104855616788,0.2085396820255372,0.05515015880201238,0.14389926000688086
9.15,0.0646320460924489,0.08171768540598597,0.10313075143951472,0.13716940853333612,0.2089314100786826,0.05545172312735015,0.14429936398623372
9.2,0.06461825494280829,0.08165176562256432,0.10317151936733018,0.1375721127073114,0.2094409118670618,0.05592034708474708,0.1448226569242535
9.25,0.06460072082725117,0.08160401253526957,0.10324508941954288,0.13759101266618107,0.21030920925452,0.0559870001309115,0.14570848842726886
9.3,0.06457883126225637,0.08157945528807664,0.103293858776107,0.1375493391227948,0.21195543341548861,0.055969883834718154,0.14737660215323223
9.35,0.0645518783500649,0.0815711999259861,0.10325105693718664,0.1375166452960202,0.21308004324682817,0.0559454453700341,0.14852816489676327
9.4,0.06452022590879301,0.08157040284282897,0.10330224079706168,0.137228626556265,0.21422459581504288,0.055658223713436025,0.14970436990624986
9.45,0.06448504075582703,0.08157649220170271,0.10338417869429907,0.1368410709825364,0.21486835604764956,0.055264578780833684,0.15038331529182253
9.5,0.06446491295852456,0.08158878484088211,0.10346345915286317,0.13675778955008724,0.21512105358078537,0.05516900470920513,0.1506561406222608
9.55,0.06444460647704824,0.08160619814727942,0.10350888346130618,0.13674885584969107,0.21510871400701959,0.055142657702411654,0.15066410752997134
9.6,0.06442733879871237,0.08155317093834175,0.10354583240530767,0.1367748444384007,0.21505058465076937,0.055221673500058965,0.150623245852057
9.65,0.06441331697949168,0.08157637035733828,0.10358372913572525,0.1367730363778095,0.2149929539658323,0.05519666602047121,0.1505796369863406
9.7,0.06440070370082285,0.0815664444379284,0.10365845721361627,0.1367896054208419,0.21495050909896912,0.055223160982913494,0.15054980539814627
9.75,0.06438964856307507,0.08156006705190015,0.10372056401528501,0.13680604009563627,0.2150253396253764,0.055245973043736116,0.15063569106230135
9.8,0.06438026780690397,0.08155731664137672,0.10372473766915938,0.136776314476673,0.2149631486301868,0.05521899783529627,0.15058288082328286
9.85,0.0643726436456985,0.0815669689531488,0.10369582791633643,0.13674666251683604,0.2150106180652177,0.05517969356368724,0.1506379744195192
9.9,0.06436682430482484,0.08160046546875208,0.10360795491186736,0.13671189317220822,0.2151611134493187,0.055111427703456145,0.1507942891444939
9.95,0.06436282472138909,0.08163641706911147,0.10357736599789383,0.13669982164327502,0.21534552560205683,0.055063404574163546,0.15098270088066773
10.0,0.06436899586095114,0.08167346038687667,0.10340858483287896,0.1366559356598214,0.21559244773149122,0.054982475272944725,0.1512234518705401
10.05,0.0643910374997525,0.08171032841871688,0.1033569992205131,0.13665951134022097,0.21590405719405575,0.054949182921504094,0.15151301969430325
10.1,0.06441987335984055,0.08174589058924528,0.10329910592357013,0.1367615990939931,0.21622944554308648,0.05501570850474782,0.15180957218324592
10.15,0.06444844778420764,0.08177918234534244,0.10339541978722627,0.13683637049524208,0.21650134793137904,0.05505718814989964,0.1520529001471714
10.2,0.06447626130575566,0.08180942383952033,0.10349645505817677,0.1369277724765842,0.21677571728686845,0.05511834863706386,0.15229945598111277
10.25,0.06450282809504906,0.08183635640428266,0.10348378603745509,0.13677187117295353,0.2171700417414697,0.05493551476867087,0.15266721364642064
10.3,0.06452768562152583,0.08189747515942782,0.10349657361079487,0.13698407004075538,0.21770157288335423,0.05508659488132757,0.1531738872618284
10.35,0.06455467826347769,0.0819759316608178,0.10345440672840481,0.13718057804697875,0.21819917687283574,0.05520464638616095,0.15364449860935805
10.4,0.06458514250378293,0.08201269674228746,0.10356007903838535,0.13733443268654544,0.21866086519592137,0.055321735944257974,0.15407572269213843
10.45,0.06461517041226994,0.08203237239418729,0.10364216224231133,0.13746321812345974,0.2190850482936169,0.055430845729272454,0.15446987788134697
10.5,0.06464427266258442,0.08202684244398414,0.10360714928957343,0.13760554113750004,0.21947059593105528,0.05557869869351589,0.15482632326847084
10.55,0.06467197420249826,0.0821264609875354,0.10373958425090232,0.1377297022596029,0.2198168905796938,0.055603241272067505,0.15514491637719555
10.6,0.06469782373795777,0.0821303321624449,0.10387770732923057,0.13786401215309793,0.2199833749895947,0.055733679990653026,0.15528555125163693
10.65,0.06472140285077471,0.08214599262695499,0.10380773720435402,0.1381887534838887,0.2196881993817934,0.056042760856933715,0.1549667965310187
10.7,0.06474233451911873,0.0821544111372083,0.10361117556279709,0.13834828648870298,0.22024359117536207,0.056193875351494685,0.15550125665624334
10.75,0.06476029082470397,0.08212954131007168,0.1035972823948677,0.13838766407526168,0.22065421856254397,0.05625812276519,0.15589392773784
10.8,0.06477499965180672,0.0821005931603454,0.10370182898003263,0.1384616968714576,0.22063484591520444,0.05636110371111219,0.15585984626339772
10.85,0.06478625021013229,0.08195670890564823,0.10364101677429824,0.1386142742029148,0.22021605671024674,0.05665756529726658,0.15542980650011445
10.9,0.06479389724501433,0.08194892423098733,0.10363034589351747,0.13876334040592028,0.21996694992039997,0.05681441617493295,0.15517305267538564
10.95,0.06479786383334807,0.08181896538032733,0.10362758079906847,0.13888511193346723,0.22017444003855377,0.05706614655313989,0.1553765762052057
11.0,0.0647981427008415,0.08178426830635235,0.10361797062154768,0.13897090806025908,0.22037124773570843,0.057186639753906726,0.15557310503486693
11.05,0.06479665951555565,0.08179294863827552,0.10360173011864318,0.1390014985605855,0.22055829149438,0.057208549922309976,0.15576163197882437
11.1,0.06479527709227306,0.08179011376044718,0.1036083784583548,0.13890181602201224,0.2207364507053697,0.05711170226156506,0.15594117361309665
11.15,0.06479006623424051,0.08176573909098178,0.10361486637830675,0.13884367528261735,0.22090656228990063,0.057077936191635564,0.15611649605566014
11.2,0.06478118896573186,0.08174086824975794,0.10351867980992793,0.13901468305515996,0.22170148756918123,0.057273814805402015,0.15692029860344936
11.25,0.06476887277484054,0.0817130677218366,0.10329004116993934,0.13897069161836773,0.2225261067452729,0.05725762389653112,0.15775723397043234
11.3,0.06475340532476725,0.08168997542982509,0.10328475058515103,0.1388627258961737,0.22331858752680528,0.05717275046634862,0.15856518220203802
11.35,0.06473512800649871,0.08166964740633677,0.103291013616918,0.138727308714945,0.22402129655407452,0.057057661308608246,0.15928616854757582
11.4,0.06471728574958249,0.0816451062972957,0.10329428688112141,0.13857129399774246,0.22470878809188405,0.05692618770044676,0.15999150234230156
11.45,0.0647042998669366,0.08160900898333477,0.10331605078172668,0.13839469140310015,0.2253753109343352,0.05678568241976538,0.1606710110673986
11.5,0.06468549693230616,0.0815699036021431,0.10335198223734542,0.13821984824223524,0.22585839930409324,0.05664994464009214,0.16117290237178708
11.55,0.06466238213938044,0.0815285194071399,0.10339566672087919,0.13813869976013077,0.22639977978884399,0.05661018035299087,0.16173739764946354
11.6,0.0646486443009467,0.08148558878103179,0.10338408009525847,0.1380977252576325,0.22693684528471922,0.05661213647660071,0.1622882009837725
11.65,0.06463014372394726,0.08144920490802193,0.10342886358254605,0.13806888090436464,0.2273786110405781,0.05661967599634271,0.16274846731663084
11.7,0.06460722602155318,0.08143199446639637,0.10349717048049095,0.13808816757188758,0.22776104907594974,0.0566561731054912,0.16315382305439657
11.75,0.06458030500322999,0.08141642566597015,0.10353466555519683,0.13812811953081086,0.2281351826892213,0.056711693864840707,0.1635548776859913
11.8,0.0645527205103108,0.08139393939927395,0.10352566140035412,0.1381087181548043,0.22865787407074806,0.056714778755530354,0.16410515356043726
11.85,0.064528425224072,0.0813775907692638,0.10349533381817788,0.13797923818126862,0.2291883326961611,0.05660164741200481,0.16465990747208908
11.9,0.06452348260130046,0.08137801254454116,0.10346290174371875,0.13770539696681575,0.2294736652024686,0.056327384422274585,0.16495018260116812
11.95,0.06445370403505586,0.08139682013294113,0.10342878320146602,0.13767481976654763,0.2297484873940347,0.05627799963360651,0.16529478335897885
12.0,0.06441620555242097,0.08141133583369528,0.10339342878486552,0.1376190312433529,0.2300133533727043,0.056207695409657615,0.1655971478202833
12.05,0.06437746372774256,0.08143218945329435,0.1033573149072143,0.13752283932469392,0.23026883983651153,0.05609064987139957,0.16589137610876897
12.1,0.06433810917085375,0.08142195477785605,0.103348987759839,0.13746836810437757,0.23051552267690606,0.05604641332652152,0.1661774135060523
12.15,0.0642987778303831,0.08140139009411677,0.10341402093833496,0.1374229169073617,0.23075395741270827,0.05602152681324492,0.16645517958232517
12.2,0.0642601010756437,0.08143423719332214,0.10346746091692391,0.13737434903520532,0.23098466422218142,0.055940111841883175,0.16672456314653772
12.25,0.06422269592045321,0.08144063551778687,0.10348294082042925,0.13732368275169948,0.23108076056535418,0.05588304723391262,0.16685806464490097
12.3,0.06418715552937257,0.08139758780439134,0.1034227349262145,0.1373191397745645,0.23101009852498156,0.055921551970173164,0.16682294299560899
12.35,0.06415404014256064,0.08137952096244407,0.10336338017812771,0.13734254903592727,0.23100126698612103,0.055963028073483204,0.1668472268435604
12.4,0.0641247804310825,0.08138015420686083,0.10330819066226693,0.13737074527805498,0.2311945727259368,0.055990591071194154,0.1670697922948543
12.45,0.06410233970382863,0.0813866917835928,0.10325737637106319,0.13748360164869317,0.23130106238672377,0.05609690986510037,0.16719872268289515
12.5,0.06408413174540083,0.08138958399496465,0.10324520052157843,0.1373477372846472,0.23131274730301604,0.05595815328968254,0.1672286155576152
12.55,0.0640704275259562,0.08138387645582373,0.10326470387705597,0.13702702778935347,0.23129053477398695,0.05564315133352973,0.16722010724803077
12.6,0.06406142456491097,0.0813717638602672,0.1032863011677978,0.13698576515736116,0.2312780739993956,0.05561400129709396,0.1672166494344846
12.65,0.06406251974298263,0.0813907827042418,0.10330894224563497,0.1370134849956987,0.23136392162162128,0.05562270229145691,0.16730140187863865
12.7,0.06408299785533292,0.08144790065449813,0.1033315860105099,0.1371557669338083,0.23148000777237893,0.05570786627931017,0.167397009917046
12.75,0.06410658336348612,0.08142903831322976,0.10338596551863835,0.13737385430151827,0.23181518998227235,0.055944815988288515,0.16770860661878623
12.8,0.06413291155670661,0.08140544109860226,0.10350057162307948,0.13751653793380741,0.23211337622606704,0.056111096835205154,0.16798046466936042
12.85,0.06416157744205635,0.08137697536683898,0.10358594968727433,0.13761477824499257,0.23237185581580247,0.056237802878153595,0.16821027837374614
12.9,0.06419214215347366,0.08134369268924833,0.10364077231143654,0.13768391682094233,0.2325885622972468,0.056340224131694,0.16839642014377315
12.95,0.06422940040913049,0.0813058288339183,0.10353354838548887,0.1377603628707678,0.23276211867281807,0.05645453403684948,0.1685327182636876
13.0,0.06427204504958442,0.08127225742235326,0.10347203919491604,0.13784280554229272,0.23289186965651,0.05657054811993946,0.16861982460692557
13.05,0.06431629706482411,0.08125018477800634,0.10345005040741106,0.13781626230129235,0.2329779003187782,0.056566077523286004,0.1686616032539541
13.1,0.06436139355749318,0.0812599722890183,0.10343130215426088,0.13764511516872777,0.23299878028377113,0.05638514287970947,0.16863738672627795
13.15,0.06440655907594339,0.08128452967810111,0.10341632181220113,0.13765452812934542,0.23294616860748563,0.05636999845124431,0.16853960953154223
13.2,0.06445101867523113,0.08123631352494785,0.10335915533219106,0.13765029503819645,0.2328566497665847,0.0564139815132486,0.1684056310913536
13.25,0.06449401086357474,0.08126040251184129,0.1032931351516499,0.1376322884678376,0.23273416661249066,0.056371885955996306,0.16824015574891593
13.3,0.06453480022726608,0.08128231931285668,0.10323825050006549,0.13760061642513458,0.23258320846536906,0.0563182971122779,0.16804840823810296
13.35,0.06456866676745034,0.08130170576230751,0.10319934196843261,0.13755561551882944,0.23240873511964444,0.05625390975652193,0.16784006835219412
13.4,0.06456731886096301,0.08131691358322332,0.10318957028092493,0.1374978407499455,0.23221609130206958,0.05618092716672218,0.16764877244110657
13.45,0.06456455386470476,0.08134599101759014,0.10321137133638253,0.13742805216637377,0.23213307826577567,0.05608206114878363,0.1675685244010709
13.5,0.06456045800124713,0.08137266099932672,0.10318951119949354,0.13760059327361146,0.2324592256477241,0.05622793227428474,0.16789876764647696
13.55,0.06455514054558581,0.08135748536157482,0.10312490681479258,0.1377843047261263,0.2327965472690426,0.056426819364551475,0.16824140672345678
13.6,0.06454873076786835,0.08132054554456165,0.10312016712124021,0.1377063972553455,0.2331432317276032,0.05638585171078385,0.16859450095973486
13.65,0.06454427703800919,0.08130237688315758,0.10313634796580354,0.1375972631328807,0.2334480581841487,0.05629488624972312,0.16890378114613952
13.7,0.06453923258093482,0.08128540290797047,0.10316817105890366,0.1374689682342305,0.2337029558252049,0.056183565326260024,0.1691637232442701
13.75,0.0645325609217128,0.08127834608057324,0.10318329459091052,0.13740020818460152,0.23395790527878269,0.05612186210402828,0.16942534435706988
13.8,0.06452439278665206,0.08126822762728514,0.10319469197262435,0.13738633643589754,0.2343808715710955,0.0561181088086124,0.16985647878444343
13.85,0.06451488016877242,0.0812670063948097,0.10320211664367784,0.13736670985966482,0.23500538851540637,0.056099703464855113,0.17049050834663393
13.9,0.06451777297357855,0.08126509886198878,0.10320536870507512,0.13732895818835886,0.2356269820570649,0.05606385932637008,0.17110920908348634
13.95,0.06451905246865611,0.08125999200135757,0.10320429883824636,0.1372747883104684,0.23623896027853264,0.05601479630911084,0.17171990780987653
14.0,0.06452010676615982,0.08125174963502863,0.10319881160376088,0.13723029416853225,0.2368348143694904,0.05597854453350362,0.17231470760333056
14.05,0.06452281329322379,0.08126318844443595,0.10318886805507502,0.13727669508944768,0.2374083101755698,0.05601350664501173,0.172885496882346
14.1,0.06453626848961996,0.08134079480673684,0.10318602529966557,0.1371083762172306,0.23795357284866753,0.05576758141049376,0.17341730435904756
14.15,0.06454837611945592,0.08135108656132531,0.10318534204295096,0.1370537059910862,0.23820769367589056,0.0557026194297609,0.17365931755643466
14.2,0.06453911913077243,0.08132198705429505,0.1031771921847315,0.1370004861191787,0.23843374396053013,0.055678499064883646,0.1738946248297577
14.25,0.06453130920099545,0.08128975707590852,0.1031691549891878,0.13694932968048623,0.23865812204012155,0.05565957260457771,0.1741268128391261
14.3,0.06451552977400977,0.08127128412804137,0.10318431145217738,0.13690082742751186,0.23887951753161762,0.055629543299470494,0.17436398775760786
14.35,0.06448554862356935,0.08126895628285022,0.10319594562196069,0.1368555401865872,0.23909656138038055,0.05558658390373697,0.17461101275681118
14.4,0.06445295715657497,0.08122463315516881,0.10320358262782782,0.1368139915781518,0.23930785067284904,0.05558935842298299,0.1748548935162741
14.45,0.0644182771436777,0.08117920724852211,0.10320691314096365,0.13677666115365208,0.23951197657836276,0.055597453905129976,0.17509369943468506
14.5,0.0643820638282129,0.08113344201992684,0.10320580064910306,0.13670272474270076,0.23970755480620543,0.05556928272277392,0.17532549097799252
14.55,0.06434489704503321,0.08108811052532527,0.10320028370558967,0.1365615337046823,0.2398534247192173,0.05547342317935702,0.1755085276741841
14.6,0.06430737192229827,0.08104398133128565,0.10317668377786357,0.13642544604538467,0.23967346682856086,0.05538146471409902,0.1753660949062626
14.65,0.06427008931384721,0.08100693390360883,0.10313962930208889,0.1362953243542757,0.23944975000914936,0.05528839045066686,0.17517966069530216
14.7,0.06423364611590186,0.08101606196825917,0.10310367655419542,0.136231380581455,0.2391875178437663,0.05521531861319584,0.17495387172786442
14.75,0.064198625625486,0.0810354249265968,0.10309288652152615,0.13619380051108312,0.2388927097242201,0.05515837558448633,0.1746940840987341
14.8,0.0641655880989265,0.08108086044484801,0.10312580079949762,0.13620770180227987,0.2385718357647364,0.05512684135743186,0.1744062476658099
14.85,0.06413506166700543,0.08113338255919145,0.10313896144659918,0.13626137466699953,0.2382625277953505,0.05512799210780808,0.17412746612834507
14.9,0.06410766524615827,0.08116981784022917,0.10313267441760654,0.13632831682273963,0.23814785169134972,0.05515849898251046,0.17404018644519145
14.95,0.06408856660499582,0.0812090058225923,0.10313058355864252,0.13628283131086838,0.23800889242671647,0.05507382548827608,0.17392032582172065
15.0,0.06407366699002086,0.08124417165080361,0.10313339085434647,0.1363175008821554,0.2378451494239135,0.0550733292313518,0.17377148243389262
15.05,0.06406320183042441,0.08124843043391378,0.10314172800823262,0.1363465417826324,0.2375952395793264,0.055098111348718615,0.173532037748902
15.1,0.06405733409340311,0.08123618758769278,0.10315613343010822,0.13635589410766635,0.23734116171125236,0.05511970651997357,0.17328382761784925
15.15,0.06406060013685866,0.08125287005383916,0.10317703124212614,0.13637065116843705,0.2370875185850767,0.05511778111459789,0.17302691844821805
15.2,0.06409033908750274,0.08123834284645093,0.10320471295448366,0.13639052560757645,0.23697643991900882,0.05515218276112552,0.17288610083150607
15.25,0.0641245452883248,0.08119166809795537,0.1031972953126267,0.13641515477090696,0.23687209955365682,0.055223486672951586,0.172747554265332
15.3,0.06416263050759766,0.08114541717171173,0.10309294439181904,0.13644410518849778,0.2368736185436699,0.05529868801678606,0.17271098803607224
15.35,0.0642039403812435,0.08113117550421593,0.10306303644636566,0.1364702340026709,0.23689501710509364,0.055339058498454954,0.17269107672385015
15.4,0.0642477660186919,0.0811488544947678,0.10311809976008957,0.1364863954361612,0.23692074934294458,0.0553375409413934,0.17267298332425268
15.45,0.06429335650079662,0.08116938377239559,0.10308587213879294,0.13650026249042638,0.23690969375528492,0.05533087871803079,0.1726163372544883
15.5,0.0643399320288893,0.08119193770602062,0.10305731842449732,0.1365101945627379,0.23686465122530423,0.05531825685671729,0.17252471919641493
15.55,0.0643866974783976,0.0812204852638529,0.10303302904978054,0.13646428287361234,0.2367589188453188,0.055243797609759435,0.1723722213669212
15.6,0.0644328561104026,0.08124754285074058,0.10301349274513558,0.13638021394321648,0.23656841626416822,0.055132671092475896,0.17213556015376563
15.65,0.06447762319951841,0.08126133432445312,0.10299908645586456,0.13645801156150192,0.23631615921417942,0.0551966772370488,0.171838536014661
15.7,0.06451329259827779,0.08127670591596886,0.10301362413605403,0.13653238880833707,0.23605479266023513,0.05525568289236821,0.17154150006195734
15.75,0.06451451904556607,0.08130377559406354,0.10306688852230572,0.13660177388130587,0.235957545520845,0.05529799828724233,0.17144302647527893
15.8,0.06451531317867677,0.08136433282698807,0.10311746053742746,0.136664702847059,0.2359293827189005,0.05530037002007093,0.1714140695402237
15.85,0.06451570649330761,0.08139197026524621,0.10310421193596393,0.1367198391703988,0.23601028940572327,0.05532786890515258,0.17149458291241565
15.9,0.06451573416812319,0.08141612803771395,0.10308688742105594,0.13676599095329872,0.23626764486294033,0.055349862915584774,0.17175191069481716
15.95,0.06451821837086223,0.08143642804016404,0.10308730650983686,0.13680212574639994,0.2365356205311333,0.055365697706235895,0.17201740216027106
16.0,0.06452069183017349,0.08145916365757477,0.1031434293722584,0.13682738283092077,0.23680761243384796,0.055368219173346,0.17228692060367445
16.05,0.06452186619909848,0.08147954296422388,0.10319891850168547,0.13684108290117453,0.23702807990616087,0.05536153993695064,0.17250621370706237
16.1,0.06452173746516042,0.08147883876903919,0.10325278819763047,0.13684273510710296,0.23715744271225286,0.05536389633806377,0.17263570524709243
16.15,0.06452031847764313,0.08144961752319511,0.10330409453561046,0.1368195894219933,0.23727216228201348,0.05536997189879818,0.17275184380437036
16.2,0.0645176385041773,0.0814207617687364,0.10335195157970846,0.13678190603471402,0.23735699873072133,0.055361144265977616,0.17283936022654403
16.25,0.06451374270476216,0.08143499571814986,0.10339554644962524,0.1367317101653656,0.23742910793321292,0.055296714447215733,0.17291536522845075
16.3,0.06450869153138562,0.08145758415750823,0.10331061769525088,0.1366694311604877,0.23748781342217684,0.05521184700297946,0.17297912189079123
16.35,0.06450518841333125,0.08141792281680237,0.10318453695085372,0.1367145687641659,0.23753272982734233,0.05529664594736354,0.17302754141401108
16.4,0.06451592737866671,0.08139272690217736,0.10316340916095357,0.13676392424021888,0.2375601455741313,0.05537119733804152,0.1730442181954646
16.45,0.06454267331969446,0.08136303010448052,0.10315442824014102,0.13670678383462898,0.23755399811530875,0.05534375373014845,0.1730113247956143
16.5,0.06456873817218216,0.08133979879577144,0.10313428992658173,0.13664533437407075,0.23757227504215672,0.055305535578299314,0.17300353686997455
16.55,0.06459364314082205,0.08132828581181177,0.10313966401012863,0.1365802090120528,0.23789663840022046,0.05525192320024104,0.1733029952593984
16.6,0.06458428419839263,0.08131288472062406,0.10313744106062857,0.13651041446048184,0.23823484262329309,0.05519752973985778,0.17365055842490046
16.65,0.06456578730469423,0.0813223374295811,0.10312765329811747,0.13643944399670166,0.23856468277256498,0.05511710656712056,0.17399889546787076
16.7,0.0645456059189307,0.08129370890316268,0.10311045874481804,0.1363699475570522,0.23890576940320638,0.055076238653889525,0.1743601634842757
16.75,0.06452186110414523,0.08125330913136938,0.10303540276846367,0.13629751280817917,0.23925430154823413,0.05504420367680979,0.1747324404440889
16.8,0.06449494293725481,0.08121266039209243,0.10300169893847563,0.13627302098620173,0.2396063529122648,0.05506036059410929,0.17511140997500996
16.85,0.06446529144711693,0.08121301332224143,0.10300548025226192,0.1363055315866586,0.23995792653558698,0.05509251826441716,0.17549263508847004
16.9,0.06443338948823846,0.08124271210368965,0.1029162006723201,0.13633424066502572,0.2403050097921349,0.055091528561336076,0.17587162030389644
16.95,0.06439975494519234,0.0812698089556826,0.10298533141492366,0.13635892258767873,0.24056521276541362,0.05508911363199613,0.17616545782022128
17.0,0.0643649323906218,0.08129391121472675,0.10305452565438086,0.13637939492478274,0.2407373921520249,0.05508548371005599,0.1763724597614031
17.05,0.06432948432858289,0.08133051684335586,0.10307535071049936,0.13639551887648993,0.2409012854981572,0.05506500203313407,0.17657180116957433
17.1,0.06429993791814491,0.08131718614302422,0.10303626454959214,0.1364071992403253,0.2410153809873889,0.05509001309730108,0.17671544306924397
17.15,0.06427034433565587,0.08131069714643221,0.10299379512117174,0.13641144708996955,0.24111394247087375,0.055100749943537336,0.17684359813521788
17.2,0.06423885562745735,0.08134403323670726,0.10296426134805318,0.13638430564242165,0.24120078245518484,0.055040272405714394,0.1769619268277275
17.25,0.06420593691606677,0.08132053121899235,0.10293655744143461,0.13635830826925233,0.2412703996036495,0.05503777705025997,0.17706446268758272
17.3,0.06417207404588068,0.08129601983419892,0.10297010474054225,0.13633387460215296,0.24117601994087412,0.055037854767954045,0.17700394589499344
17.35,0.06413776636879226,0.08127072679151694,0.1029730752094434,0.1363113881159373,0.24104945804731892,0.055040661324420356,0.17691169167852666
17.4,0.06411173375205872,0.08124485450399174,0.10297136645708097,0.13629118962115194,0.24089272418979907,0.0550463351171602,0.17678099043774034
17.45,0.06410634601188601,0.08123952342667912,0.10296525982922376,0.13627357157669684,0.2407081700648337,0.05503404815001772,0.17660182405294766
17.5,0.06410631037044341,0.08125039587042744,0.10295473044915601,0.13625877332595923,0.24049844680423976,0.05500837745553179,0.17639213643379636
17.55,0.06410925014607062,0.08125408081368604,0.10293982098297287,0.13624697734231445,0.24026645990690326,0.054992896528628404,0.17615720976083266
17.6,0.06411506615520637,0.08125334473927615,0.10292064239328046,0.13623830655019004,0.24001532181738514,0.05498496181091389,0.17590025566217876
17.65,0.06413167724998328,0.08124769815657358,0.10289737358826337,0.13623282276669182,0.23974830289222238,0.054985124610118244,0.1756166256422391
17.7,0.06416925419691545,0.0812573377454065,0.10287287967733785,0.13622087420358744,0.23949232130383802,0.054963536458180945,0.17532306710692258
17.75,0.06421001304882268,0.08127467960470956,0.10285547915012168,0.13618370123794002,0.23948102006501842,0.054909021633230456,0.17527100701619575
17.8,0.06425324918857665,0.08126935242434338,0.10276912865215587,0.1361445190634921,0.23936705223092028,0.05487516663914871,0.17511380304234364
17.85,0.06429821709982884,0.08128145594975249,0.10266294595475878,0.1361036788406653,0.23937465978005573,0.054822222890912806,0.17507644268022687
17.9,0.0643441434375844,0.08130615368018104,0.1026959482399466,0.1359861132355315,0.23951544704029387,0.05467995955535046,0.17517130360270947
17.95,0.06439024046791134,0.0812861152640376,0.10273081742036769,0.13592352824344534,0.23966315552455658,0.05463741297940773,0.17527291505664525
18.0,0.06443571963491734,0.08126666601345746,0.10275168951617654,0.13589138156351405,0.23981726615798055,0.05462471555005659,0.1753815465230632
18.05,0.0644694930786042,0.08127198662041314,0.10273065181529215,0.13586947170976071,0.2399771240201889,0.05459748508934757,0.1755076309415847
18.1,0.06447450422855472,0.08127635376206634,0.10271058271955835,0.13588475912804698,0.24014194721336224,0.05460840536598065,0.17566744298480752
18.15,0.06447990989315425,0.08129587601394515,0.10263792632322072,0.13589191324413707,0.24031083851380564,0.05459603723019192,0.1758309286206514
18.2,0.06448607234748553,0.0813128934217082,0.1026555568919478,0.13589089395183224,0.24048279964069608,0.05457800053012404,0.17599672729321053
18.25,0.0644957909739373,0.08132929819876716,0.10265570903525137,0.1358818020296166,0.2406567478911399,0.05455250383084945,0.17616095691720257
18.3,0.06450466309234322,0.08133320570042983,0.10264840710549403,0.13586487671621486,0.24083153481298714,0.05453167101578503,0.17632687172064393
18.35,0.0645125382243502,0.08135404169707804,0.10264514766785916,0.13584049098748316,0.24100596651982292,0.05448644929040512,0.1764934282954727
18.4,0.06451927758403778,0.08137065148849701,0.10266119177282297,0.13587396948143923,0.2411788251992918,0.054503317992942224,0.17665954761525401
18.45,0.06452475636088119,0.08138273733654126,0.10266021110554382,0.1359253814054747,0.24134889132867432,0.05454264406893343,0.17682413496779315
18.5,0.06452886595351066,0.081390082250589,0.10255756316271439,0.13596727681157988,0.24151496609173168,0.05457719456099089,0.17698610013822103
18.55,0.06453151611762739,0.08138233992640692,0.10251880218141178,0.13599888390411743,0.24167589348861213,0.05461654397771051,0.17714437737098473
18.6,0.06453263698332053,0.0813676282571045,0.10250869533276127,0.13601959296023933,0.2418305816454713,0.054651964703134825,0.17729794466215076
18.65,0.0645358105078322,0.08135361906563468,0.10249983099445198,0.13602604217026965,0.24197802286101217,0.054672423104634965,0.17744221235317997
18.7,0.06453914744783582,0.08134106281942223,0.10249975542712092,0.1360219866389799,0.24211731197129993,0.05468092381955768,0.17757816452346412
18.75,0.06454162745165343,0.0813306767698942,0.1025249496535251,0.13600938460862844,0.24224766266940073,0.05467870783873424,0.1777060352177473
18.8,0.06454398107966816,0.08132312287264967,0.1025467924561181,0.1359873781477749,0.24236842147973076,0.05466425527512522,0.1778244404000626
18.85,0.06457889412514506,0.08131911569278638,0.10256509666766267,0.13595063478034924,0.24247907915547287,0.05463151908756286,0.1779001850303278
18.9,0.06461223552007725,0.08130452362940346,0.10257972737106916,0.1359030830359767,0.24257927933803752,0.05459855940657324,0.17796704381796027
18.95,0.06460528555286049,0.08128763533068872,0.10261014545571258,0.13584536560754812,0.24266882438749185,0.054557730276859395,0.17806353883463136
19.0,0.06459366883559886,0.08126880452721069,0.102666807300618,0.13577828959146607,0.24274767835964775,0.054509485064255375,0.1781540095240489
19.05,0.06457812122843479,0.08125737081582507,0.10270907676762159,0.13570281507066584,0.24281596716693618,0.05444544425484077,0.1782378459385014
19.1,0.06456177531339899,0.08120905195004888,0.10270461519043657,0.13562004128946598,0.2428739760146224,0.0544109893394171,0.17831220070122342
19.15,0.06454436445150238,0.08116091960271789,0.10280217405678399,0.1355349832772563,0.2429221442501338,0.05437406367453841,0.17837777979863143
19.2,0.06452341611487343,0.08111367715009521,0.10290140119368892,0.1355583028236812,0.2429610578005949,0.05444462567358599,0.17843764168572146
19.25,0.06450928494954696,0.08106801755069064,0.10291500012032984,0.1355851135106336,0.2429914394019234,0.05451709595994296,0.17848215445237642
19.3,0.06453739646746458,0.08109464786731577,0.1029263260362881,0.1356152022680071,0.2430141368423578,0.05452055440069134,0.1784767403748932
19.35,0.06457309356692537,0.08114728149983742,0.10293509658266006,0.13564832618020717,0.243030109454818,0.054501044680369745,0.17845701588789264
19.4,0.06461827970122354,0.08116708257277092,0.10291401534665953,0.13568421397739758,0.24304041309722274,0.05451713140462666,0.17842213339599922
19.45,0.06466743312850091,0.0811851575577316,0.1029214106016408,0.1357225677552268,0.24304618385922944,0.05453741019749518,0.1783787507307285
19.5,0.06472038071087628,0.08120197177866231,0.10292625952880476,0.13573482316474159,0.24304862072951228,0.05453285138607927,0.178328240018636
19.55,0.06470161914273155,0.08121739985760663,0.10292844534512251,0.13554222698327534,0.243048967451366,0.054324827125668704,0.17834734830863447
19.6,0.06467656578007065,0.08123275816871785,0.10292789883824491,0.13560087674784313,0.24304849378783921,0.05436811857912528,0.17837192800776858
19.65,0.06464782491731806,0.08126895221096614,0.10292460006354012,0.13565650272033353,0.2430484764122624,0.05438755050936739,0.17840065149494433
19.7,0.06461588777824155,0.08130120051427973,0.10294098735343632,0.1357085437847187,0.243050179637181,0.05440734327043896,0.17843429185893944
19.75,0.06458130607931174,0.08132903280611115,0.10297021852445334,0.13575648165950893,0.2430548361951364,0.054427448853397786,0.17847353011582467
19.8,0.06456325594472648,0.08135203769086688,0.10299497185505617,0.13579984644822596,0.2430636282887781,0.05444780875735908,0.1785003723440516
19.85,0.06454617542216255,0.08136987001475783,0.10301492247176341,0.13582859927476426,0.24307766913521717,0.05445872926000643,0.1785314937130546
19.9,0.06452714909945174,0.08138225714540566,0.10302981798028032,0.1358285898904314,0.24309798523956666,0.054446332745025736,0.17857083614011493
19.95,0.06450654544936346,0.08138900402573163,0.10303948182097837,0.13582573793368316,0.2431254996439578,0.054436733907951534,0.17861895419459434
20.0,0.06448475720948368,0.08138999689068362,0.10303546979451855,0.13581384102576918,0.24316101640927598,0.05442384413508557,0.1786762591997923
20.05,0.06446219377851427,0.08138520556653359,0.10301203846904275,0.1357815845340773,0.24320520659537237,0.05439637896754371,0.17874301281685812
20.1,0.06444912973189067,0.08137468430488118,0.10298615870057483,0.13575485497124568,0.24325859600944327,0.0543801706663645,0.17880946627755262
20.15,0.06444765977313778,0.08134343143824539,0.1029542402065084,0.13573406996293888,0.24332155498949842,0.05439063852469349,0.17887389521636066
20.2,0.0644489083096701,0.08130948590729276,0.10291176856090933,0.13571956965618323,0.24339429047849756,0.054410083748890475,0.17894538216882747
20.25,0.06445291517208777,0.08127678473756822,0.10286839811072904,0.13571161193345904,0.24347684062338085,0.05443482719589082,0.1790239254512931
20.3,0.06445966998348411,0.08126049022425612,0.10284067153184491,0.13571570912365427,0.24356907210100595,0.05445521889939815,0.17910940211752185
20.35,0.06446911119411886,0.08124728192010347,0.10283696100046494,0.13572333400456033,0.24367068032978118,0.054476052084456855,0.17920156913566232
20.4,0.0644811260476133,0.0812497559261744,0.1028068767919341,0.13573393918532603,0.24378119267219472,0.054484183259151636,0.17930006662458142
20.45,0.06449926360147734,0.08122382717690395,0.10277798246083833,0.13574122279094178,0.24389997467086627,0.05451739561403783,0.17940071106938893
20.5,0.06452112931993144,0.08123988711602267,0.10275080294246017,0.13574210463087905,0.24402623929129696,0.05450221751485637,0.17950510997136554
20.55,0.0645512090112907,0.0812681952366526,0.10272583626881764,0.13573663881883,0.24415905907083596,0.054468443582177395,0.17960785005954527
20.6,0.06458625859916527,0.08129638824514868,0.10271151689748237,0.13571672172841956,0.24429738099858125,0.05442033348327088,0.179711122399416
20.65,0.06461730990442645,0.08131242757354838,0.10269777736756527,0.13549611381793847,0.24444004387824453,0.054183686244390086,0.1798227339738181
20.7,0.0646438450710672,0.0813231847898628,0.10267548714530395,0.1354429344894199,0.24458579785864476,0.0541197496995571,0.17994195278757757
20.75,0.06466542390355584,0.08134461500376124,0.10265830469926748,0.1353872423924983,0.24473332575741188,0.054042627388737066,0.18006790185385604
20.8,0.06468169092448457,0.08137020040947153,0.10265944345280763,0.13532983096592313,0.2448812657551896,0.0539596305564516,0.18019957483070503
20.85,0.06469238101829589,0.0813524427003631,0.10258150042970013,0.1353392160413332,0.24502823500205415,0.0539867733409701,0.18033585398375826
20.9,0.06470990759297883,0.08135780127280925,0.10253047516017989,0.13529489508340764,0.24517285365622715,0.053937093810598385,0.1804629460632483
20.95,0.06472902744751405,0.0813781168036869,0.10249197661672864,0.1352503035347014,0.24531376886798545,0.053872186731014515,0.1805847414204714
21.0,0.06474583105529139,0.08138784465406534,0.10245973545509118,0.13522988983085016,0.24544967822872332,0.053842045176784814,0.18070384717343194
21.05,0.06475998827694592,0.08135802884669835,0.10243415965325012,0.1352085892196144,0.24557935222557725,0.05385056037291605,0.18081936394863135
21.1,0.0647712097689954,0.08133014156153308,0.10241553506329934,0.13518664017813753,0.24570165527444474,0.05385649861660445,0.18093044550544934
21.15,0.06477925293365223,0.08130406276017141,0.10240402201548793,0.13516430257079087,0.24581556494681983,0.053860239810619465,0.1810363120131676
21.2,0.06478392713916449,0.08127976841278799,0.10242376501042148,0.13514185513842383,0.24592018905648516,0.05386208672563585,0.18113626191732068
21.25,0.06478856027765456,0.0812584977747795,0.10245411336481085,0.13511022535056272,0.24601478032849963,0.053851727575783215,0.18122622005084507
21.3,0.06479194686889794,0.0812408846589718,0.1024923339650192,0.13507893935623894,0.24609874843279295,0.05383805469726714,0.181306801563895
21.35,0.06479192616976172,0.08122473731170157,0.10253770523013621,0.13505240138425895,0.24617166922584072,0.053827664072557374,0.181379743056079
21.4,0.06478844173593773,0.08119388997595531,0.10258937189226247,0.1350309240948519,0.246228434933716,0.05383703411889659,0.18143999319777826
21.45,0.06478150069700367,0.08116268028247318,0.10262129824993481,0.13501476055260964,0.24614277662870632,0.05385208027013645,0.18136127593170265
21.5,0.06477117464155496,0.08107447560721584,0.10260117585973952,0.13500410155712475,0.2460385347988864,0.05392962594990891,0.18126736015733144
21.55,0.06476628101680995,0.08106951266682089,0.10258324061616397,0.13499907371013997,0.24591617144105143,0.053929561043319085,0.18114989042424148
21.6,0.06477535103870478,0.08103362362124752,0.10256780399886033,0.13499537322276312,0.24577645603970058,0.05396174960151559,0.1810011050009958
21.65,0.06477914480871055,0.08099934982837408,0.10255513406817951,0.13498589041524578,0.2456204546056929,0.053986540586871704,0.18084130979698235
21.7,0.06477759661836324,0.08096731334950898,0.10259767216658291,0.13494167899410348,0.2454495137281208,0.0539743656445945,0.18067191710975755
21.75,0.06477073546548576,0.0809462502020296,0.1026484409948891,0.13470459991552586,0.24526523986877108,0.05375834971349626,0.18049450440328532
21.8,0.06475868452073778,0.08098273115366525,0.10264706707632078,0.13455076237316643,0.24506947420216021,0.05356803121950118,0.18031078968142245
21.85,0.0647416589662123,0.08102456684927119,0.10263807748956369,0.13456357015925807,0.24486426337497896,0.053539003309986885,0.18012260440876665
21.9,0.06471996223851809,0.08105733367292456,0.10262801922846695,0.13450603873168063,0.24465182662609575,0.05344870505875607,0.17993186438757766
21.95,0.06469398073269904,0.08103675324131823,0.10261723136532663,0.13444441696255385,0.2444345197711449,0.05340766372123562,0.17974053903844583
22.0,0.06466417704710178,0.08102159947049495,0.10261157778646544,0.13438958624441089,0.24421479661311962,0.05336798677391594,0.17955061956601784
22.05,0.06463108187280713,0.08099641259928997,0.10273446755603263,0.13434248211487645,0.24399516839117227,0.053346069515586486,0.17936408651836516
22.1,0.06459528465426703,0.08096252678819375,0.10282667255297928,0.1343039158056033,0.24377816192275187,0.05334138901740955,0.17918287726848484
22.15,0.0645574231700751,0.08095193666534747,0.10288831240970096,0.13427945182905265,0.2435662771280685,0.05332751516370518,0.1790088539579934
22.2,0.06451817220394551,0.08098650903374385,0.10291288856930135,0.13429528907996124,0.24336194464943006,0.05330878004621739,0.17884377244548455
22.25,0.06447823149552863,0.08102384501159664,0.1028940804390674,0.13430340593622686,0.24316748429015705,0.05327956092463022,0.17868925279462844
22.3,0.06443831317809565,0.08107705466354961,0.10287300836770183,0.13429766190796352,0.2429850649975751,0.05322060724441391,0.17854675181947946
22.35,0.06441014006834729,0.08116493176555906,0.10285003427301609,0.1342580710220049,0.2428166671012812,0.05309313925644585,0.17840652703293391
22.4,0.06440008774596799,0.08126771712180496,0.10282555649557315,0.134220229659551,0.24266404749099893,0.052952512537746035,0.17826395974503095
22.45,0.0643908083577929,0.08132317923046264,0.10280052008427355,0.13418416436538938,0.24252870837772705,0.052860985134926736,0.17813790001993415
22.5,0.06438254483984181,0.08135369364216294,0.10281130741421013,0.13415919008948723,0.24241187022772165,0.052805496447324296,0.17802932538787986
22.55,0.064378462342555,0.08139327689496945,0.10281946156825403,0.13419171727978785,0.24231444939169117,0.0527984403848184,0.17793598704913616
22.6,0.06438512968817742,0.08143447584597541,0.102825021976075,0.13423992144848176,0.24223704087236925,0.05280544560250636,0.17785191118419183
22.65,0.064395777328201,0.08143243122124147,0.1028296041408362,0.13430255723202197,0.24217990658366012,0.052870126010780505,0.1777841292554591
22.7,0.06441083176395464,0.08141624546726066,0.10288787107238109,0.1343781636977156,0.24214296935552737,0.052961918230454944,0.17773213759157275
22.75,0.06442833616694645,0.08139455470260158,0.10291451517714653,0.13446508983961689,0.24212581283272983,0.053070535137015304,0.1776974766657834
22.8,0.06444973089741553,0.08138104751879285,0.10291535703511241,0.13456152305290628,0.2421276873047215,0.053180475534113425,0.177677956407306
22.85,0.06447408117877171,0.08137909572681813,0.10281896039829307,0.1346655200232596,0.24214752139108248,0.05328642429644147,0.17767344021231077
22.9,0.06450508364878299,0.08138331466431033,0.10277363135376821,0.13477503943975053,0.242183939394442,0.0533917247754402,0.177678855745659
22.95,0.0645419505353062,0.08139405839948223,0.10270555179678817,0.13488797592719218,0.24223528402377423,0.05349391752770995,0.17769333348846802
23.0,0.06457556112495007,0.08140128467177929,0.10264184416111415,0.13500219459543125,0.24229964408791455,0.05360090992365196,0.1777240829629645
23.05,0.06460535281946744,0.0813903057702076,0.1026213213069187,0.13511556561739504,0.24237488666474646,0.05372525984718744,0.17776953384527902
23.1,0.06463575748283977,0.08138370563557931,0.10260692356977608,0.13522160818234316,0.24245869316803492,0.05383790254676385,0.17782293568519514
23.15,0.06466822086533099,0.08132363889211952,0.10260669062012615,0.13528990764792526,0.24254859866328704,0.053966268755805735,0.17788037779795607
23.2,0.06469935315547462,0.08135956000181956,0.10266560334650787,0.13535191121978984,0.24264203372776447,0.05399235121797029,0.17794268057228985
23.25,0.06472859169792423,0.08136219447926116,0.10272466475927995,0.13532199475533263,0.24273636810884458,0.05395980027607147,0.17800777641092036
23.3,0.06475540277192358,0.08138249308432191,0.10273950322819894,0.13527801382861093,0.24282895540974933,0.05389552074428902,0.17807355263782576
23.35,0.06477929134049049,0.08139718305582308,0.10274566236398179,0.13522996537216597,0.24291717802214874,0.05383278231634289,0.17813788668165825
23.4,0.0647998101787838,0.081380051297019,0.10274296988878998,0.13517875294388254,0.24299849153072337,0.05379870164686354,0.17819868135193956
23.45,0.06481656821808818,0.08135900921086625,0.10279125931827508,0.13511633690458352,0.2430704678344553,0.05375732769371727,0.17825389961636712
23.5,0.06482923795544387,0.08123519755712665,0.10288951501626908,0.1350391225156157,0.24313083626189283,0.053803924958489055,0.17830159830644896
23.55,0.06484061660988083,0.08123072596081518,0.10296169281565842,0.13496504567764464,0.2431775220014059,0.05373431971682946,0.17833690539152508
23.6,0.06484817587729394,0.08123569502132236,0.10296034258608575,0.13489536967933266,0.24320868122086498,0.0536596746580103,0.17836050534357104
23.65,0.06485130530558753,0.08124450770969123,0.10292857429064448,0.13483127885557744,0.24322273231262787,0.05358677114588621,0.17837142700704034
23.7,0.06484991059120818,0.08121655043557614,0.1028698339810327,0.1347738577514176,0.24319914226314782,0.05355730731584145,0.17834923167193964
23.75,0.06484397937868994,0.08118981474528626,0.10280866831344491,0.13472407202179043,0.2431366567177219,0.05353425727650417,0.17829267733903195
23.8,0.0648335821815168,0.08116102011487382,0.10281838153646375,0.13468275144640807,0.24305372202049158,0.05352173133153425,0.17822013983897478
23.85,0.06481887180751975,0.08114091164976689,0.10283863767070331,0.13464513124829164,0.24295041477345622,0.05350421959852475,0.17813154296593647
23.9,0.06480008128558178,0.08113066259550882,0.1028592845980223,0.13460293780911095,0.2428271595107473,0.053472275213602136,0.1780270782251655
23.95,0.06477752031539791,0.08111764232533529,0.1028596976513182,0.1345679889019148,0.24268472311553999,0.0534503465765795,0.17790720280014208
24.0,0.06475506834936627,0.08110736055627045,0.10285933281586243,0.13454080476904914,0.24252420354095902,0.053433444212778694,0.17776913519159276
24.05,0.06475419727013963,0.08109323445309141,0.10285444180151601,0.13452176684531802,0.24234701297084746,0.05342853239222661,0.17759281570070784
24.1,0.06474845406939975,0.08107520368130508,0.10284506527805234,0.1345111120961045,0.2421548556430615,0.05343590841479942,0.17740640157366175
24.15,0.06473797531656905,0.0810535037914516,0.10283132098227392,0.1344672677336421,0.2419497006444607,0.053413763942190495,0.17721172532789164
24.2,0.0647229806412433,0.08102841601700506,0.10281340271056466,0.13437486431459267,0.24173375007207754,0.05334644829758761,0.17701076943083424
24.25,0.06470376827879559,0.08102057390115927,0.10279157794708044,0.13428832718354758,0.24150940303782337,0.05326775328238831,0.17680563475902777
24.3,0.06465285288932163,0.08101524929460965,0.10276618413834492,0.13419998498699948,0.24127921607306885,0.05318473569238982,0.17662636318374722
24.35,0.06456390065990125,0.08104691156766261,0.10273762365297737,0.13408029562148394,0.2410458605627493,0.053033384053821325,0.17648195990284804
24.4,0.0644806261802422,0.08108336196749345,0.10269547780745931,0.1340438325331848,0.24081207790435794,0.05296047056569135,0.17633145172411574
24.45,0.06440005603773122,0.08108604030008348,0.10263611103356529,0.13404557236362946,0.24058063314317282,0.05295953206354598,0.1761805771054416
24.5,0.06431859038996877,0.08107811749634597,0.10268045677274584,0.13404552067482225,0.2403542678792251,0.052967403178476286,0.1760356774892563
24.55,0.06428725885080312,0.08114075568690407,0.1027874759961315,0.13404371941183335,0.24013565327178732,0.05290296372492928,0.1758483944209842
24.6,0.06425853031717509,0.08110969534560429,0.10289082366223455,0.13404023520814193,0.23992734398177812,0.05293053986253764,0.17566881366460302
24.65,0.06423088973750132,0.0811079974209878,0.10289029788803442,0.1340351574285976,0.23973173388999955,0.05292716000760979,0.17550084415249823
24.7,0.0642047747408642,0.08111212777422816,0.10286376863785605,0.13402290881153647,0.2395510144086308,0.05291078103730831,0.1753462396677666
24.75,0.06418059713785577,0.08113380106042953,0.10283549240683906,0.1340025281501354,0.23938713616458068,0.052868727089705886,0.1752065390267249
24.8,0.06415873651343654,0.08115807402996106,0.1028204632521304,0.1339921901912155,0.23924177477648267,0.05283411616125444,0.17508303826304614
24.85,0.06414833590686427,0.08118463219263089,0.10286396122342369,0.13399210226079833,0.23911630137332596,0.05280747006816744,0.1749679654664617
24.9,0.06418380559655262,0.0811742161504524,0.10290093441656885,0.133990291191751,0.2390117584136333,0.052816075041298594,0.1748279528170807
24.95,0.06422166532085269,0.08115857095405928,0.10293144464062098,0.13397850419234475,0.23892884126196284,0.052819933238285474,0.17470717594111015
25.0,0.06426125371217971,0.0811707053229841,0.10297150680649056,0.13396618395751586,0.23886788586704727,0.05279547863453177,0.17460663215486755
25.05,0.06430188231632485,0.08120034039962062,0.10298198899343114,0.13395351395358063,0.2388288627661439,0.05275317355396,0.17452698044981907
25.1,0.0643428476535671,0.08122640582631738,0.10298612187304204,0.13404713790395678,0.23881137751635334,0.052820732077639404,0.17446852986278624
25.15,0.06438344344006962,0.08124004792162214,0.10299922404075301,0.1341725317606962,0.2388146775290349,0.052932483839074077,0.17443123408896527
25.2,0.06442297275657136,0.08127029027257981,0.10300592208300854,0.13430901108728643,0.23883766516112548,0.05303872081470662,0.17441469240455412
25.25,0.06446075995747508,0.08128542467691269,0.10301132450260364,0.13445482928124639,0.2388789168000468,0.0531694046043337,0.17441815684257173
25.3,0.06449616212276926,0.08129816337594405,0.10301543324622278,0.13460813013873957,0.23893670756955251,0.05330996676279552,0.17444054544678325
25.35,0.0645285798673477,0.08130889306188054,0.10301826007016768,0.13476697871613422,0.23900904118449634,0.05345808565425368,0.17448046131714864
25.4,0.06455910760885131,0.08131746757038172,0.10301982537909961,0.13491125899547954,0.23909368439487816,0.05359379142509782,0.17453457678602685
25.45,0.06458741259888719,0.08130668183872503,0.10302015705851211,0.13504926707953935,0.23918820538498228,0.05374258524081432,0.17460079278609508
25.5,0.06461168101330884,0.08130159121564039,0.10301928933446838,0.13518637670833744,0.2392900154328657,0.053884785492697054,0.17467833441955688
25.55,0.06463151512184437,0.08130383809684893,0.10301726169171763,0.13529256316975868,0.2393964130893953,0.05398872507290975,0.17476489796755093
25.6,0.06464659374580035,0.08130571504547587,0.10301411787796066,0.13532322759811224,0.2395046301045842,0.05401751255263637,0.17485803635878383
25.65,0.06465667732555311,0.08131195480261204,0.1030099050178644,0.13528103466122915,0.23961187831192127,0.05396907985861711,0.17495520098636816
25.7,0.06466161161655372,0.08134328878913208,0.10301953051807597,0.13522990944826593,0.23971539667818254,0.053886620659133855,0.17505378506162883
25.75,0.06466132996356468,0.08137660523357965,0.1030303103046978,0.135179152967256,0.2398124977360994,0.05380254773367635,0.1751511677725347
25.8,0.06465585412387925,0.08139067354549764,0.10303809914914433,0.13512981233088264,0.23990061263921825,0.053739138785385,0.175244758515339
25.85,0.06464529363145853,0.08138948065514702,0.10304269428959768,0.13508291352982757,0.23997733411123423,0.05369343287468055,0.17533204047977569
25.9,0.0646298437151312,0.0814002916005707,0.10303508496536448,0.13502372114208178,0.2400404566047613,0.05362342954151107,0.1754106128896301
25.95,0.06460978180516358,0.08140787218964712,0.10302512381910398,0.13496715897340722,0.24008801303573749,0.053559286783760096,0.1754782312305739
26.0,0.0645854626834571,0.08139975198135348,0.10303587701471689,0.1349190389962682,0.24011830751821234,0.05351928701491472,0.17553284483475523
26.05,0.06455731235327783,0.08138935901523471,0.10305763239446633,0.13488024715076466,0.24012994358907108,0.05349088813552995,0.17557263123579325
26.1,0.0645520207017532,0.08137681096909341,0.10308026044271773,0.13485151703376644,0.2401218474822942,0.05347470606467303,0.175569826780541
26.15,0.06455991502577543,0.08136224747999102,0.10309851632205111,0.13483287387084425,0.24009328608684175,0.05347062639085323,0.1755333710610663
26.2,0.0645643554529314,0.08134582858844236,0.10310549802650182,0.13480208994924187,0.24004387930047555,0.053456261360799506,0.17547952384754414
26.25,0.06456528037555073,0.08132773299470705,0.10311895262017834,0.13477673464494722,0.2399736065732873,0.05344900165024016,0.17540832619773658
26.3,0.06456268577618257,0.08130815614591497,0.10309947044683719,0.13475724905961212,0.23988280751892238,0.05344909291369715,0.1753201217427398
26.35,0.06455662517067554,0.08128730817346493,0.10310206605327804,0.13474396209728093,0.2397721765581316,0.053456653923816,0.17521555138745606
26.4,0.06454720858934247,0.08126541170066442,0.10312380705511148,0.1347370852491248,0.2397455500311207,0.053471673548460386,0.1751983414417782
26.45,0.06453460061286345,0.08124269954096551,0.10314446517169412,0.1347367097399244,0.23985942705724722,0.0534940101989589,0.17532482644438377
26.5,0.06452475398114584,0.08124052238838411,0.10315734468479465,0.13474280604754363,0.2399494727527286,0.053502283659159516,0.17542471877158278
26.55,0.06451267160308918,0.0812453923705401,0.10317427815517538,0.13475522575045912,0.2400140023381647,0.05350983337991902,0.1755013307350755
26.6,0.06449756275638968,0.08125360287563083,0.10317809635434205,0.13477370560637328,0.2400517860949271,0.05352010273074245,0.17555422333853743
26.65,0.06447968198603053,0.08125458695723983,0.10317701490762757,0.13479787371877366,0.2400620712929787,0.05354328676153383,0.1755823893069482
26.7,0.06445932720290234,0.08122403458717686,0.10314575809866261,0.13482725760933942,0.24004459594726646,0.053603223022162555,0.17558526874436411
26.75,0.06443683462951463,0.08119185631700557,0.10310764696149574,0.13477786950814713,0.23999959422311554,0.05358601319114156,0.1755627595936009
26.8,0.06441257316520833,0.08116538658105904,0.1030873289066753,0.1347133074399562,0.2399277934218702,0.05354792085889715,0.17551522025666189
26.85,0.06438693827070462,0.08117731256808994,0.10307165813135308,0.13465396650826866,0.23983040258677973,0.053476653940178726,0.1754434643160751
26.9,0.0643603454780689,0.08119489594638324,0.10305568671663731,0.13460082985889715,0.23970909287683784,0.053405933912513914,0.17534874739876893
26.95,0.06433322363622501,0.08120730359775155,0.10303968548712181,0.13453475403423126,0.23956596996403867,0.05332745043647971,0.17523274632781366
27.0,0.06430600800404433,0.08119068169790357,0.1030239302303113,0.13446611028151634,0.2394035388182411,0.05327542858361277,0.17509753081419677
27.05,0.06427913330281397,0.08118504734442442,0.10300869687116986,0.13440816828632987,0.2392246613541798,0.053223120941905455,0.17494552805136582
27.1,0.06425302683769069,0.08119286995398342,0.10299425661406765,0.13436188262893486,0.23903250752725877,0.053169012674951444,0.17477948068956808
27.15,0.0642281017937874,0.08122372860033764,0.10298087113858352,0.13432801803732952,0.23883050057813404,0.053104289436991886,0.17460239878434664
27.2,0.06422200595098554,0.0811821118679886,0.10296878793176953,0.13430713611928136,0.2386222572395258,0.05312502425129276,0.17440025128854025
27.25,0.06421672091976383,0.08114064472139301,0.1029582358343557,0.13429958560294353,0.23841152383017866,0.053158940881550515,0.17419480291041484
27.3,0.06421808860329548,0.08113355072326052,0.10294942087241099,0.13430549629351551,0.23820210926755175,0.053171945570254994,0.17398402066425628
27.35,0.06423725154153802,0.08112835415046832,0.10295225326098494,0.13432477687484878,0.2379978161290561,0.053196422724380465,0.1737605645875181
27.4,0.0642739898447702,0.08115616772364129,0.10294660442263823,0.1343571166019409,0.23780237097713608,0.053200948878299625,0.17352838113236588
27.45,0.06431154206006745,0.08118690623114938,0.10294023460886317,0.1344019908457405,0.2376193552314514,0.053215084614591124,0.17330781317138394
27.5,0.06434925718857412,0.08121789936969565,0.10293330035819073,0.13445867036855164,0.237452137916831,0.05324077099885599,0.17310288072825689
27.55,0.06438648444456,0.08124129843279151,0.10289449689512484,0.1345262341294255,0.23730381163367434,0.05328493569663398,0.17291732718911434
27.6,0.06442258444993759,0.08126001502380986,0.10284012370078738,0.13460358534686465,0.2371771330836854,0.053343570323054784,0.1727545486337478
27.65,0.06445694015429598,0.08127372937185538,0.10278977762553579,0.13468947048313024,0.23707446943480787,0.05341574111127485,0.17261752928051188
27.7,0.06448896729942918,0.08128221247745496,0.10276772198542775,0.1347808001567704,0.23699775172284626,0.05349858767931545,0.17250878442341708
27.75,0.06451812425773176,0.081285330862205,0.10276627419141726,0.13485528740977107,0.23694843636308466,0.053569956547566064,0.1724303121053529
27.8,0.06454392108651658,0.08129425737609092,0.10278169287907199,0.13493440804524612,0.23692747568472855,0.0536401506691552,0.17238355459821197
27.85,0.06456652108587971,0.08130232445936722,0.10279833401356417,0.13501677489891994,0.23693529820773118,0.053714450439552724,0.17236877712185147
27.9,0.06458905943897275,0.08130822709291063,0.1028160689198449,0.13507747380966253,0.23704155669044202,0.0537692467167519,0.17245249725146927
27.95,0.06460753985477852,0.08131190789396057,0.10283475160527789,0.13508633662387265,0.23716559895407627,0.053774428729912074,0.17255805909929775
28.0,0.06462166538910769,0.08130788273839551,0.10285421950076809,0.13506552497591154,0.2372918974300988,0.05375764223751603,0.1726702320409911
28.05,0.06463121429408214,0.08128547003293382,0.10287429446354561,0.1350314636869003,0.2374177419127193,0.053745993653966484,0.17278652761863716
28.1,0.06463604341928808,0.08128151966324648,0.10290615709634245,0.13502297214525433,0.2375404473038369,0.053741452482007845,0.1729044038845488
28.15,0.06463609028184214,0.08128712041506114,0.10294957962913748,0.13507459461066998,0.23765739879731496,0.053787474195608836,0.17302130851547282
28.2,0.06463137377791903,0.08128263012855277,0.10299093945087247,0.13514809242895098,0.2377660956565833,0.05386546230039821,0.17313472187866427
28.25,0.064621993529499,0.08128020618189094,0.10300818928094452,0.13521257354423455,0.23791471381679627,0.05393236736234361,0.17329272028729725
28.3,0.0646081278813701,0.0812701021418861,0.10299268848379697,0.1352405683829087,0.2381178741064846,0.05397046624102261,0.1735097462251145
28.35,0.0645900305845575,0.08123591330979416,0.10300331605863879,0.13527299290775466,0.23832818669283498,0.0540370795979605,0.17373815610827748
28.4,0.06456802622313758,0.08121029230676945,0.10304182906401713,0.13530949812112592,0.23854181913194072,0.05409920581435647,0.17397379290880316
28.45,0.06454250446158384,0.08121866757443658,0.10307416899630623,0.13534969352003887,0.23875488424703367,0.05413102594560229,0.17421237978544984
28.5,0.0645357125651848,0.08126337040356814,0.103097632990633,0.135372714995803,0.23896351131057647,0.05410934459223486,0.17442779874539166
28.55,0.06453235142516195,0.08131070145457547,0.10311827887979318,0.1354008383297622,0.23916391623088135,0.05409013687518674,0.1746315648057194
28.6,0.06454050025876915,0.08135667153456938,0.10313653638841627,0.13543498940987994,0.23935246948969185,0.05407831787531056,0.1748119692309227
28.65,0.06454550573247285,0.08140068278035317,0.10316295539087156,0.13547483128068838,0.23952576067076387,0.054074148500335206,0.174980254938291
28.7,0.06454729646424881,0.08143043302452525,0.10318574743528519,0.13551996330248584,0.23968065852725026,0.05408953027796058,0.17513336206300145
28.75,0.06454585400789836,0.08145623720845616,0.1031767430462546,0.13556196695976208,0.23981436565259373,0.054105729751305925,0.17526851164469537
28.8,0.06454121305212569,0.08143326642374896,0.10316224081290574,0.13559356274811202,0.23992446694126718,0.05416029632436306,0.1753832538891415
28.85,0.06453346071767405,0.08140560552540252,0.10314240291658205,0.13557927007309195,0.24000897114858163,0.05417366454768943,0.1754755104309076
28.9,0.0645227349632127,0.08139543493168248,0.1031256544687338,0.13551781428175216,0.2400663449803483,0.05412237935006968,0.1755436100171356
28.95,0.06451336940207301,0.08139248084959383,0.10313462499359466,0.13545094618707026,0.24009553926179467,0.054058465337476436,0.17558216985972164
29.0,0.0645040105282835,0.08137102970680522,0.1031406672175385,0.13537988043018545,0.24009600685009375,0.05400885072338023,0.17559199632181025
29.05,0.06449126754431758,0.08133753150549594,0.10314370466236002,0.13530590311238938,0.24006771206617494,0.05396837160689344,0.17557644452185736
29.1,0.06445693560974482,0.08130338887641403,0.1031437103542614,0.13528265534635997,0.2400111315298205,0.05397926646994594,0.1755541959200757
29.15,0.06442529685130605,0.08126912549984797,0.10314184551849025,0.13526944073152375,0.23992724638849192,0.05400031523167578,0.17550194953718587
29.2,0.0643969226185143,0.08123527308756008,0.10312865382435424,0.1352765262100454,0.23981752603623474,0.054041253122485325,0.17542060341772042
29.25,0.06437232306923782,0.08122729172435521,0.10311528348052368,0.13533439274574036,0.23968390352575286,0.05410710102138515,0.17531158045651504
29.3,0.06435193766710544,0.08123869154957328,0.10310199547766956,0.13539087920607054,0.23952874298561552,0.054152187656497264,0.1751768053185101
29.35,0.06433612702002356,0.08124947653929843,0.10308903380116746,0.13544490454865835,0.23935479946641064,0.05419542800935992,0.17501867244638708
29.4,0.06432516622992197,0.08125506218160994,0.1030766209718493,0.13549543059748678,0.23916517175494298,0.054240368415876844,0.174840005525021
29.45,0.06431923989289806,0.08125589177258498,0.10306495413387365,0.13554148113888428,0.23896324881391767,0.054285589366299306,0.1746440089210196
29.5,0.06429771071496043,0.08123355232481437,0.103054201766066,0.13555989801472057,0.23875265062490203,0.0543263456899062,0.1744549399099416
29.55,0.06429241954869447,0.0812072361992367,0.10304450107878266,0.1355361445149968,0.23853716433260955,0.054328908315760094,0.17424474478391508
29.6,0.06429027256383879,0.08117435496962061,0.10303595614241728,0.13551065573413051,0.23832067670579132,0.054336300764509904,0.17403040414195253
29.65,0.06428674308680955,0.081170604264767,0.10302863677658765,0.13548364348944456,0.23810710404028484,0.05431303922467756,0.1738203609534753
29.7,0.06428420933771195,0.08121326468385728,0.10296869284823901,0.13545535358484814,0.23790032072841685,0.05424208890099086,0.1736161113907049
29.75,0.06428723747645426,0.0812630267013015,0.10292643229525537,0.13542606395995377,0.23770408780065438,0.054163037258652263,0.17341685032420012
29.8,0.06428880237271428,0.08127983952472638,0.10294505419972703,0.13539608217793725,0.23752198280458184,0.05411624265321087,0.17323318043186756
29.85,0.06431941552986242,0.0812623104070704,0.1029600445490654,0.1353657422793565,0.23735733241742835,0.0541034318722861,0.17303791688756592
29.9,0.06435334970964793,0.08126485250538715,0.10297098664911115,0.13533540103938727,0.2372131491864849,0.05407054853400012,0.17285979947683697
29.95,0.06438669858451548,0.08126212888806357,0.10296286788395012,0.13530543367525172,0.2370920737528341,0.05404330478718815,0.1727053751683186
30.0,0.06441889037913127,0.08126827771779258,0.1029227327717917,0.1352762290590265,0.2369963238352782,0.05400795134123393,0.1725774334561469
30.05,0.06444937617534745,0.08127281436058002,0.10288152744860775,0.13524818449859893,0.23692765113245806,0.05397537013801891,0.1724782749571106
30.1,0.06447763922815833,0.08127562246295393,0.10283976545106738,0.135221700156353,0.23688730714324638,0.053946077693399055,0.17240966791508805
30.15,0.0645032036850702,0.08127661973519895,0.10280341773508905,0.13519717318131166,0.23687601871216651,0.05392055344611271,0.1723728150270963
30.2,0.0645256425657456,0.08127575967241259,0.10279636455233805,0.13517499163599542,0.23689397388355105,0.05389923196358283,0.17236833131780543
30.25,0.06454458487146633,0.08127303262429714,0.10279199448021348,0.1351555283042274,0.23694081840305953,0.05388249567993025,0.1723962335315932
30.3,0.06456183860432205,0.08126846619594862,0.10279035440461076,0.1351391344705489,0.23701566294711074,0.053870668274600284,0.1724538243427887
30.35,0.06457882611999395,0.08126212497246094,0.10279144640260769,0.1351664339980306,0.23711710089971233,0.05390430902556967,0.1725382747797184
30.4,0.0645919339352614,0.08126292423522465,0.10279522814880385,0.13516268422459732,0.23724323624226146,0.05389975998937267,0.17265130230700004
30.45,0.06460096037638816,0.08126335682861419,0.10280161403554199,0.13519933879576743,0.2373917208847983,0.05393598196715324,0.17279076050841014
30.5,0.06460577435207639,0.08126156091738931,0.10281047697941406,0.13524834457906487,0.23755980055546577,0.05398678366167556,0.1729540262033894
30.55,0.0646063172014325,0.08125757966344527,0.10282165087640416,0.1352884560115278,0.23774436818541111,0.05403087634808254,0.1731380509839786
30.6,0.06460260329651162,0.08126070616520986,0.10283846661747609,0.13529880876379766,0.2379420235839065,0.054038102598587795,0.1733394202873949
30.65,0.06459471939510918,0.08121420275320282,0.10289260931656523,0.13531261115147847,0.23814913809570343,0.05409840839827565,0.17355441870059424
30.7,0.06458282276060473,0.08118050012032688,0.10293800577401445,0.1353296827073736,0.23836192287001082,0.054149182587046735,0.1737791001094061
30.75,0.06456713808656114,0.08117955107261086,0.10298181623842165,0.13531115653129983,0.23857649934647962,0.05413160545868896,0.17400936125991848
30.8,0.06454795328413349,0.08115682056970258,0.10302960007459273,0.13528052005480623,0.2387889705749816,0.05412369948510365,0.17424101729084812
30.85,0.06452360956003851,0.08111849375859898,0.10306423836897227,0.13525401233468604,0.23899549202835313,0.05413551857608706,0.17447188246831463
30.9,0.06448656404371712,0.0810802705778292,0.10309231881589984,0.13523189570011593,0.23919234063541078,0.05415162512228673,0.17470577659169367
30.95,0.06447730312478786,0.08104713790032644,0.1031133728790179,0.13521438697110816,0.2393759808499217,0.054167249070781714,0.17489867772513384
31.0,0.06448071167200194,0.08107223226966637,0.10312704913722538,0.13520165522568942,0.23954312667431293,0.05412942295602305,0.175062415002311
31.05,0.06448396613574306,0.08110226152937912,0.10313311895350617,0.13519382006292613,0.239690798669769,0.05409155853354701,0.17520683253402594
31.1,0.0644870954085452,0.08113408360945912,0.10313148018349384,0.13519095038501877,0.2398163751025733,0.05405686677555965,0.17532927969402812
31.15,0.06449013141939722,0.08116728611011662,0.10312215887137868,0.1351930637160145,0.23991763649664838,0.054025777605897884,0.17542750507725116
31.2,0.06449310691934622,0.08120227322225167,0.1031410973937063,0.13517357091137885,0.23999280298161463,0.05397129768912719,0.1754996960622684
31.25,0.06449605320213084,0.08121136209348148,0.10315613013379218,0.13515221064609534,0.24004056394269305,0.05394084855261386,0.1755445107405622
31.3,0.06449899784059782,0.08122153073007868,0.10316590452506107,0.13513391090109175,0.24006009959261526,0.053912380171013075,0.17556110175201745
31.35,0.06450196252360998,0.08123429744365884,0.10317034158663879,0.13511900953447875,0.2400510941963615,0.05388471209081991,0.17554913167275152
31.4,0.06449580112154539,0.08124953880705613,0.10316943555776689,0.13510782228914384,0.2400137407875862,0.05385828348208771,0.1755179396660408
31.45,0.064466498053592,0.08126709838014003,0.10317917284045397,0.1351006371487456,0.23994873732206956,0.05383353876860557,0.17548223926847756
31.5,0.06443984077384292,0.08128678849924371,0.10319851444620391,0.13507737229603606,0.23985727431968923,0.05379058379679234,0.17541743354584632
31.55,0.06441629268034381,0.08130839262040467,0.1032139363985215,0.13510067098589412,0.23974101415363508,0.05379227836548946,0.17532472147329126
31.6,0.06439625663849557,0.08129126756005575,0.10321279029950403,0.13518204284224877,0.23960206225504646,0.05389077528219302,0.17520580561655089
31.65,0.06438006792540243,0.08128428746402425,0.10319435828950065,0.13525764850293975,0.23944293061386296,0.05397336103891551,0.17506286268846052
31.7,0.06436798849435535,0.08130522545794591,0.1031662449834265,0.13532410494935831,0.2392664940727513,0.0540188794914124,0.17489850557839595
31.75,0.06437582454721749,0.08132473984187266,0.10313780551982872,0.1353926149961661,0.23907594003026017,0.05406787515429343,0.17470011548304268
31.8,0.06438569179231718,0.08133927758665475,0.10310944308836287,0.13546231117675225,0.23887471229066298,0.0541230335900975,0.1744890204983458
31.85,0.06439686372000974,0.08131841582208876,0.10308154350960021,0.135532325351379,0.23866644991931435,0.05421390952929023,0.1742695861993046
31.9,0.06438327501886588,0.0812885935921456,0.10305446972682128,0.13560180023494103,0.23845492208077285,0.05431320664279543,0.17407164706190698
31.95,0.06436424318828651,0.08126020280099708,0.10302855687992643,0.1356699005282866,0.2382439599486082,0.05440969772728951,0.17387971676032168
32.0,0.06435467650576077,0.0812336240438967,0.10296345732702646,0.13573582350778515,0.23803738687607615,0.05450219946388846,0.17368271037031538
32.05,0.06435389243650186,0.08122594786881787,0.10294097375378443,0.13579045393224334,0.23783894810054412,0.05456450606342547,0.17348505566404226
32.1,0.06435064288525297,0.08122745480577552,0.10296222692335806,0.13582425187685354,0.23765224131624074,0.05459679707107802,0.17330159843098777
32.15,0.06435196867688284,0.08124058399370068,0.10301311748741163,0.13582016600637054,0.2374806494842563,0.05457958201266985,0.17312868080737345
32.2,0.06435247060962877,0.08126866738295457,0.10305965862954515,0.13579214829056568,0.23732727725096006,0.05452348090761111,0.1729748066413313
32.25,0.06435039808467814,0.08129606261388803,0.10310110792643948,0.13575165657793856,0.2371948923123442,0.05445559396405053,0.17284449422766607
32.3,0.06435767235242691,0.08132827981095793,0.10313287069248261,0.13570675196450427,0.23708587298987396,0.05437847215354634,0.17272820063744704
32.35,0.06438650299320017,0.08132609578632455,0.10315825630613554,0.13565799119342453,0.23700216317263448,0.054331895407099984,0.1726156601794343
32.4,0.06441417080917244,0.0813485672864925,0.10315420221315957,0.13560599327328665,0.23694523563232509,0.054257425986794144,0.17253106482315264
32.45,0.06444020439520004,0.08133349104527565,0.10313827634497957,0.1355514314873528,0.23691606453547476,0.054217940442077145,0.17247586014027472
32.5,0.06446416323934737,0.08133255863000316,0.1031189201734479,0.1354950244865093,0.23691510776664454,0.05416246585650614,0.17245094452729717
32.55,0.0644856451869879,0.08136069913788592,0.1030964136180475,0.1354375265772264,0.23694229944458062,0.05407682743934049,0.1724566542575927
32.6,0.06450429322298147,0.0813908580959291,0.10307107284576394,0.1353797173297043,0.23699705276881722,0.05398885923377521,0.17249275954583576
32.65,0.06451980145594635,0.08140201224567185,0.10304324577669335,0.13531382150062535,0.23707827308636958,0.053911809254953494,0.17255847163042323
32.7,0.06453192020124222,0.08137384253241435,0.10301330722057113,0.13523495886777878,0.23718438082628268,0.05386111633536443,0.17265246062504047
32.75,0.06454654333414654,0.08134518815376005,0.10298165371171777,0.13515566097805992,0.23731334372280433,0.053810472824299876,0.17276680038865777
32.8,0.06455839185886737,0.0813163806058174,0.10294869811389218,0.13517699025954194,0.23746271754362341,0.05386060965372454,0.17290432568475606
32.85,0.06456672381016546,0.08128911262398582,0.1029148640696114,0.13519945781250056,0.2376296943642604,0.053910345188514744,0.17306297055409495
32.9,0.06457142165126295,0.08126821434835158,0.1028805803705442,0.13520677324355004,0.23781115728776892,0.05393855889519847,0.17323973563650596
32.95,0.06457243082002401,0.08124577507117257,0.10284627532651401,0.13521618048017917,0.23800374040292757,0.05397040540900659,0.17343130958290356
33.0,0.06456976022650736,0.08123168579911323,0.102882798829677,0.13522743967670467,0.23820389270465894,0.05399575387759144,0.17363413247815157
33.05,0.06456348163624716,0.08122493279660585,0.10292434655952007,0.13524030040664087,0.23840794466635087,0.05401536761003502,0.1738444630301037
33.1,0.06455167646909084,0.08118817508402511,0.10292785201782616,0.13525450621536925,0.2386121761524801,0.05406633113134414,0.17406049968338927
33.15,0.06451320189387766,0.08115160749183656,0.1029754385820754,0.1352697990367713,0.23881288438774217,0.054118191544934746,0.17429968249386452
33.2,0.06447409200223483,0.08112315453257363,0.10301795845330836,0.13528592341883627,0.2390064507513826,0.05416276888626265,0.17453235874914777
33.25,0.06443508739458516,0.08110521363175471,0.1030547007255021,0.13530263050767888,0.23918940523787752,0.054197416875924165,0.17475431784329237
33.3,0.06439692898433728,0.08109263561212005,0.10308505145771757,0.13531968174331255,0.23935848751284622,0.0542270461311925,0.17496155852850892
33.35,0.0643683542066192,0.08105695090548806,0.10310850358865434,0.13533685222402395,0.23951070359171378,0.054279901318535884,0.1751423493850946
33.4,0.06437140324114712,0.08101234591265273,0.1031246651092025,0.13534089854784076,0.2396433772743518,0.05432855263518803,0.17527197403320469
33.45,0.06437634000708381,0.08097936943625338,0.10313326538051648,0.13534589296337718,0.2397541955785492,0.0543665235271238,0.1753778555714654
33.5,0.06438315761693013,0.08095918435249964,0.10313415951081091,0.1353539168860602,0.23984124752631214,0.054394732533560544,0.175458089909382
33.55,0.06439181414854885,0.08095986881268355,0.10312733072998004,0.13536485362094047,0.23990305574804577,0.05440498480825692,0.17551124159949694
33.6,0.06440223187365979,0.08098540760749885,0.10311289072726398,0.13537855311190247,0.23993860047974222,0.05439314550440362,0.17553636860608243
33.65,0.06441429714901584,0.0810241492532271,0.10309107794355288,0.1353948340099318,0.23994733563712095,0.0543706847567047,0.17553303848810511
33.7,0.06442786101078452,0.08107358558256239,0.10307903321944775,0.13541348608313247,0.23992919675856245,0.05433990050057008,0.17550133574777793
33.75,0.06444274050046943,0.08112361015613992,0.10307569697730593,0.13541723371189865,0.23988460071626674,0.05429362355575873,0.17544186021579733
33.8,0.06445872073621145,0.08117348452243765,0.10306701715582592,0.13535643338004597,0.23981443720325205,0.05418294885760831,0.1753557164670406
33.85,0.06447667381390114,0.08122247929867993,0.10306022223476152,0.13527943837891532,0.23972005211351105,0.05405695908023539,0.1752433782996099
33.9,0.0644604215475631,0.08126756096127763,0.10306416299255654,0.13517506723509254,0.2396032230446166,0.05390750627381491,0.1751428014970535
33.95,0.06444629178570374,0.08129963136262909,0.1030663251312888,0.13517393562960078,0.23946612726680702,0.05387430426697169,0.17501983548110328
34.0,0.06443514020952243,0.0813306011482278,0.10306669888329867,0.135162669516621,0.23931130262003186,0.053832068368393216,0.17487616241050943
34.05,0.06442711700098727,0.08130825127394305,0.1030929231033577,0.13515486758917697,0.2391416019199517,0.05384661631523392,0.17471448491896444
34.1,0.06442231286187991,0.08127853086125002,0.10311070289527727,0.1351508905259342,0.23896014157406384,0.05387235966468419,0.17453782871218393
34.15,0.06442075838814473,0.0812504745089937,0.10311443700847747,0.13515062619305657,0.23877024522772905,0.05390015168406287,0.17434948683958432
34.2,0.06440649253718414,0.08122796271900522,0.10311152451956994,0.13515393452084362,0.23857538337390016,0.053925971801838404,0.17416889083671602
34.25,0.06438850379083669,0.08119907016681373,0.10305543957371543,0.13516065125531473,0.2383791099659789,0.05396158108850101,0.17399060617514223
34.3,0.06439481056915737,0.08116428923004809,0.10300266362684168,0.13517059173453594,0.23818499716609542,0.054006302504487846,0.17379018659693807
34.35,0.06440416717427074,0.08113915731060348,0.10295417033770932,0.13518355462884138,0.23799656943643463,0.0540443973182379,0.17359240226216388
34.4,0.06441031219048601,0.08115993298241594,0.10294496694487482,0.1351967412250015,0.23781723823419293,0.054036808242585554,0.17340692604370692
34.45,0.06441310394427209,0.08119766100170675,0.1029859804357403,0.13520932227832402,0.237650238596811,0.05401166127661727,0.17323713465253893
34.5,0.06441245572682153,0.08123687883048823,0.10302880944518317,0.13522997364294997,0.23749856889942886,0.05399309481246174,0.17308611317260733
34.55,0.06441100817100738,0.08126284729632709,0.10307269758164929,0.1352584746438995,0.23736493502828676,0.05399562734757242,0.1729539268572794
34.6,0.06441127143375669,0.08127990378092095,0.10311687397203527,0.1352859376408566,0.23725170014067715,0.05400603385993566,0.17284042870692046
34.65,0.06440799137820699,0.08129866349277994,0.10316056661173229,0.13531231094773716,0.23716084107435992,0.05401364745495722,0.17275284969615293
34.7,0.06440118714737963,0.0813189533732798,0.10317175893262495,0.13534011286523268,0.2370939123291913,0.05402115949195288,0.17269272518181167
34.75,0.06440053797829663,0.08134058270806678,0.10317294209384112,0.13536912215478467,0.23705201837494988,0.054028539446717885,0.17265148039665323
34.8,0.06440950171157633,0.08135088646658749,0.10313373147177762,0.13539912492833023,0.23703579484747933,0.05404823846174274,0.172626293135903
34.85,0.06442811759935857,0.08136157268963157,0.10309872903111453,0.13542991560506137,0.23704539898702276,0.05406834291542981,0.1726172813876642
34.9,0.06444747028271636,0.08137538109861987,0.10306848002513988,0.13546129746135316,0.23708050945561926,0.054085916362733286,0.1726330391729029
34.95,0.06446461818146905,0.08139121580976554,0.10304340214414004,0.13542923787546307,0.23714033545257873,0.054038022065697536,0.1726757172711097
35.0,0.06447927935301767,0.08140698185320161,0.10302377897429739,0.135381983916264,0.23722363483607875,0.05397500206306238,0.17274435548306108
35.05,0.06449121716852564,0.08141973571887925,0.10303194445077504,0.13533253696018063,0.2373287407619153,0.05391280124130138,0.17283752359338966
35.1,0.06450024427773114,0.0814007907234464,0.10303293577339273,0.13528191152604221,0.23745359617335157,0.053881120802595814,0.17295335189562044
35.15,0.06451075665396792,0.08137218794315125,0.10303177563507196,0.13521819228803994,0.23759579532349073,0.05384600434488869,0.1730850386695228
35.2,0.06452127992923595,0.08134329504055293,0.10302856210923579,0.1352269668027512,0.23775263138676334,0.05388367176219827,0.17323135145752738
35.25,0.06452891176164022,0.08131686537212678,0.10302341543606817,0.1353056737231515,0.23792114912055518,0.05398880835102472,0.17339223735891496
35.3,0.0645335487304804,0.08128870764522445,0.10301647539253286,0.13538186076038192,0.23809820147188526,0.05409315311515747,0.17356465274140487
35.35,0.06453513985195766,0.08128863788509234,0.10300180246530138,0.13545420720920423,0.23828050898630687,0.05416556932411189,0.1737453691343492
35.4,0.06453368698085159,0.08129002968140175,0.10300943865051196,0.13551015023758078,0.23846472086481876,0.05422012055617903,0.1739310338839672
35.45,0.0645005628945203,0.08126354716550872,0.10299572321546349,0.1354957826532177,0.23864747652678298,0.05423223548770899,0.17414691363226267
35.5,0.06446095810777913,0.08124959195627708,0.10301541750021381,0.13547987145935406,0.23882546656953896,0.054230279503076975,0.17436450846175983
35.55,0.06442177164958163,0.08127178368787025,0.10303192915102408,0.13546249410465053,0.23899549206523474,0.05419071041678028,0.1745737204156531
35.6,0.06438374729677085,0.08129234629417206,0.10304496439190092,0.13544375990595026,0.23912082365557003,0.05415141361177819,0.17473707635879918
35.65,0.06434760775950779,0.08129971491723081,0.10305427231592817,0.13542380995505188,0.2391713485363594,0.05412409503782106,0.17482374077685162
35.7,0.06431404074584504,0.08125405826133476,0.10307605256790844,0.13540281640880142,0.23921146338299262,0.054148758147466655,0.17489742263714758
35.75,0.06428630316573908,0.08120503392351675,0.103101970413187,0.13538098117414094,0.23924026252729919,0.05417594725062419,0.1749539593615601
35.8,0.06427975881602911,0.08115332544221884,0.10312070175213564,0.13535853400843914,0.23925708431289763,0.0542052085662203,0.1749773254968685
35.85,0.06428986889760836,0.08110377264261742,0.10313193384963457,0.1353357300629017,0.23926152217097701,0.05423195742028428,0.17497165327336867
35.9,0.06430343829266791,0.08105407802840629,0.10313547873220283,0.13531284690321022,0.23925343094488255,0.05425876887480392,0.17494999265221464
35.95,0.06432028172880352,0.08100438718994174,0.1031312762407641,0.13529018104691784,0.23923292837808616,0.0542857938569761,0.17491264664928263
36.0,0.06434015131850496,0.08096452896396511,0.10311939505130131,0.13526804406174442,0.2392003917373155,0.05430351509777931,0.17486024041881054
36.05,0.06436274009495968,0.08099709645371819,0.10310003164641285,0.13524675827297652,0.23915644960155258,0.05424966181925833,0.1747937095065929
36.1,0.06438768671284051,0.08103542578538812,0.10308449870542548,0.13522665213192722,0.23910196890975297,0.0541912263465391,0.17471428219691246
36.15,0.064414581244037,0.0810694642856064,0.10307632086573809,0.1352080553010549,0.23903803742662139,0.0541385910154485,0.1746234561825844
36.2,0.06444297197515172,0.08106699944794629,0.10306279065695877,0.13519129351507583,0.23896594185731757,0.05412429406712954,0.17452296988216584
36.25,0.06447237309191156,0.0810689441601625,0.10304414285798352,0.13517668328136628,0.23888714191868793,0.054107739121203785,0.17441476882677637
36.3,0.06446859289000047,0.0810747356517629,0.10302070274545584,0.13519173365216836,0.23880324075595874,0.05411699800040545,0.17433464786595826
36.35,0.06446330069504017,0.08108428431422118,0.1030224684238607,0.135188524426297,0.23871595217838382,0.05410424011207582,0.17425265148334365
36.4,0.0644590014843952,0.08109745626150264,0.10302326549480478,0.13523501752212186,0.23862706527298494,0.05413756126061922,0.17416806378858973
36.45,0.06445253558854577,0.08113521716071434,0.10302295379713321,0.1352837261050812,0.23853840703921397,0.05414850894436685,0.1740858714506682
36.5,0.06444402264434151,0.08117529523917048,0.1030215659904192,0.13533395557941785,0.23845180376543504,0.05415866034024737,0.17400778112109352
36.55,0.06443361414744492,0.08120742503163486,0.10296604578766501,0.13538500320878727,0.23836904193628183,0.05417757817715241,0.17393542778883692
36.6,0.06442149055230112,0.08119278666287738,0.10290163127618784,0.1354361683350269,0.2382918295136386,0.05424338167214951,0.17387033896133747
36.65,0.06441166442301126,0.08117297816301611,0.10283824396473515,0.1354799558688845,0.23814397264503084,0.0543069777058684,0.17373230822201957
36.7,0.06443024681503233,0.08117543304031394,0.10277741082132016,0.13550000358854836,0.23798408530583193,0.05432457054823442,0.17355383849079958
36.75,0.064445213127272,0.08118016724962353,0.1027983976592442,0.13552122163070449,0.23783381905924642,0.05434105438108096,0.17338860593197442
36.8,0.06445628386754025,0.08120350332872867,0.1028580941076129,0.13549102207241911,0.2376958623324647,0.05428751874369045,0.17323957846492444
36.85,0.06446324257264496,0.08123923529012643,0.10292486644960558,0.135453584800962,0.23757265634182945,0.05421434951083558,0.17310941376918448
36.9,0.06446593997336644,0.08127159545240874,0.10297387138875977,0.13541842355237307,0.23746635056134452,0.054146828099964336,0.17300041058797808
36.95,0.06446429705551696,0.08130388121908669,0.10300774247814842,0.1353858896423138,0.23737876414270928,0.05408200842322711,0.17291446708719233
37.0,0.06446415743581627,0.0813316410337945,0.10304324781554616,0.13535523200210753,0.23731135405188322,0.05402359096831302,0.17284719661606696
37.05,0.06446047667239474,0.08135568004205362,0.10307884858682609,0.1353075842349089,0.23726519052722436,0.05395190419285528,0.17280471385482962
37.1,0.06445242169681718,0.0813512673097502,0.10310032510735301,0.13526147805465044,0.23724094028910775,0.05391021074490024,0.17278851859229055
37.15,0.0644400975623455,0.08133801028178303,0.10312662348966439,0.13521748303513909,0.23723885774719963,0.053879472753356056,0.17279876018485413
37.2,0.0644236831686837,0.08132582926765689,0.10315737598134954,0.13517616503275626,0.23725878426615757,0.05385033576509937,0.17283510109747385
37.25,0.06441426238770911,0.08131480592074147,0.10319209022258516,0.13513807843576878,0.23730015537003218,0.053823272515027304,0.17288589298232307
37.3,0.06442866151494765,0.08131506345621123,0.10323015829412474,0.13510375825848664,0.23736201559601341,0.05378869480227541,0.17293335408106575
37.35,0.06444117200471676,0.08131574345645814,0.10325527126850774,0.1350737121916175,0.2374430405542507,0.05375796873515937,0.17300186854953392
37.4,0.06445159141520515,0.08131444544775984,0.10324795744571474,0.1350484127248806,0.23754156561593032,0.053733967277120764,0.17308997420072517
37.45,0.06445975594699942,0.08131404836100488,0.10323596968921595,0.13502828946156914,0.2376556205388535,0.05371424110056426,0.1731958645918541
37.5,0.06446554322379133,0.0813279916452816,0.10321949674949435,0.13501372174713833,0.23778296924941242,0.05368573010185673,0.17331742602562109
37.55,0.0644723020903594,0.08133765679009158,0.1031829409029941,0.13496637285039031,0.23792115393188357,0.05362871606029873,0.17344885184152417
37.6,0.06448134922272689,0.08131076434661286,0.10313769869384912,0.13498536124616378,0.23806754252926698,0.053674596899550925,0.1735861933065401
37.65,0.06448818104739375,0.08128113130939013,0.10308843845787807,0.13508367363501544,0.2382193787327122,0.05380254232562531,0.17373119768531847
37.7,0.06449270897673351,0.08129535224022445,0.10307820732060975,0.1351433973878538,0.23837383352677738,0.05384804514762935,0.17388112455004387
37.75,0.06448747743519213,0.08130090439707477,0.1030800933906475,0.13520685457130957,0.23852805736310825,0.0539059501742348,0.1740405799279161
37.8,0.0644489792893493,0.08130260972573411,0.1030434694245713,0.13527320446775304,0.2386792320534449,0.05397059474201893,0.1742302527640956
37.85,0.06442888920422687,0.08131097681533243,0.10300498078897008,0.13534158578310046,0.23882462150222572,0.054030608967768026,0.17439573229799885
37.9,0.06441265587616024,0.08127197028476159,0.10296512536057757,0.13541112835257504,0.2389616204378667,0.054139158067813456,0.17454896456170646
37.95,0.0643971738234978,0.08123190333112854,0.10295815963180016,0.13548096469415782,0.2390878003487614,0.05424906136302929,0.1746906265252636
38.0,0.06438274146782778,0.08125718920375577,0.10299117101936703,0.13555024126037207,0.23909929310309685,0.0542930520566163,0.17471655163526906
38.05,0.06436962798747099,0.08128825655552005,0.10303204398202069,0.13559982835687734,0.2390882081661152,0.05431157180135729,0.17471858017864422
38.1,0.06435806798891355,0.08131940892129352,0.10306690159596041,0.13564163505863788,0.23906469847309209,0.05432222613734436,0.17470663048417853
38.15,0.06434825697701982,0.08135015663112116,0.10309516175038597,0.1356837359973856,0.23902914545808468,0.05433357936626443,0.17468088848106486
38.2,0.06434034772353299,0.08134458925968768,0.10311635257720686,0.13566866276864076,0.2389821840542858,0.054324073508953075,0.1746418363307528
38.25,0.06433444761210526,0.08131626077026327,0.10313012004513282,0.1356473427640133,0.23892469159800242,0.05433108199375003,0.17459024398589718
38.3,0.06433061701448411,0.08130800900886904,0.10313623365925677,0.13562556476377913,0.23885777220648602,0.05431755575491008,0.1745271551920019
38.35,0.06432886872723972,0.0813160092654235,0.10313459018822865,0.13559072265426098,0.23878273685331436,0.05427471338883748,0.17445386812607463
38.4,0.06432916847238965,0.08128310348080128,0.1031252153671939,0.13554083595903377,0.23870107941976768,0.054257732478232484,0.17437191094737803
38.45,0.06434852722622943,0.08124712169896467,0.10312122001533006,0.13548858409273395,0.2386144490572235,0.054241462393769285,0.1742659218309941
38.5,0.06438262523669097,0.0812296354777178,0.10312164255046266,0.1354346397698182,0.23852461925474985,0.0542050042921004,0.17414199401805888
38.55,0.0644185925903509,0.08121423090688906,0.10311708495430429,0.13537971176240454,0.23843345406804553,0.05416548085551548,0.17401486147769463
38.6,0.06445579586930225,0.08120257106668767,0.10310763239042312,0.13532453549852408,0.23834287203011423,0.05412196443183641,0.17388707616081198
38.65,0.06446380988703268,0.08121246152414494,0.10309343621813488,0.13526986310580374,0.23825480832928797,0.05405740158165881,0.1737909984422553
38.7,0.0644587979591257,0.08121564678392607,0.10307471158598172,0.1352822337769161,0.23817117590431425,0.05406658699299002,0.17371237794518857
38.75,0.06445200371306509,0.08121200203572748,0.10305173413798996,0.135256817085407,0.23809382616625974,0.05404481504967951,0.17364182245319465
38.8,0.06444557989316103,0.08120152093578348,0.10302483587938263,0.1351992909256749,0.2380245101094167,0.05399776998989142,0.17357893021625564
38.85,0.06444355003283232,0.08118838890461239,0.10299440025992898,0.13520469854678044,0.23796484061411335,0.05401630964216805,0.17352129058128102
38.9,0.06443959655544082,0.08117922324057265,0.10296085654417525,0.1352124257792497,0.23791625676910852,0.054033202538677036,0.1734766602136677
38.95,0.06443379951237116,0.08116907122475783,0.10292467354819781,0.13522227341109927,0.23787999104590526,0.05405320218634144,0.1734461915335341
39.0,0.06442626775148984,0.08116091737619291,0.10288635283218284,0.13523403046622604,0.23785704013825862,0.054073113090033126,0.1734307723867688
39.05,0.06442863317616733,0.08114690202316907,0.10284642144681924,0.13524747816865043,0.237848140234654,0.05410057614548136,0.1734195070584867
39.1,0.06445317170834626,0.08112548944453092,0.10284069469135165,0.1352623937677588,0.2378537474181429,0.05413690432322789,0.17340057570979667
39.15,0.06447368809611086,0.08114196389224873,0.10285705359782595,0.13527855416949386,0.23778414042847584,0.05413659027724513,0.17331045233236497
39.2,0.06448981883131681,0.08115455298502708,0.1028709129404399,0.1352957393227284,0.23769645668241435,0.05414118633770132,0.17320663785109752
39.25,0.06450127166788787,0.08114250380956436,0.10286179222408681,0.1353137353144203,0.2376236414322046,0.05417123150485595,0.17312236976431672
39.3,0.06450783080837894,0.08115616400355777,0.10284584335886086,0.13533233713170692,0.23756686201217508,0.05417617312814915,0.17305903120379615
39.35,0.06450936085466728,0.08117589049857782,0.1028368543941903,0.13535135105396856,0.23752696781057508,0.05417546055539074,0.1730176069559078
39.4,0.06450777832477504,0.08119542831125233,0.10283317938572038,0.13537059664324497,0.23750447873726516,0.05417516833199264,0.1729967004124901
39.45,0.06450446555556535,0.08121444697522967,0.10283488273877912,0.13538990830735687,0.2374995803677814,0.054175461332127195,0.17299511481221605
39.5,0.06449606518134227,0.08123263088698139,0.10284193787517593,0.13540913641679364,0.23751212568222024,0.05417650552981225,0.17301606050087798
39.55,0.06448269313820046,0.08124968454554149,0.10285422768078745,0.13542814796397645,0.2375416431723577,0.05417846341843496,0.17305895003415725
39.6,0.06446455016222802,0.08126533738101216,0.10288688254658461,0.13544682676190417,0.23758735096234176,0.05418148938089201,0.17312280080011375
39.65,0.06444191886249137,0.08127934809652274,0.1029387533048963,0.1354214908565233,0.23764817648020065,0.05414214276000057,0.17320625761770927
39.7,0.06441515942010767,0.08129150845708089,0.10299253882870288,0.13536956288008817,0.23772278113076067,0.05407805442300728,0.173307621710653
39.75,0.06441517942466077,0.08130164646824664,0.10304149450884822,0.13531519697759875,0.23780958935529273,0.05401355050935211,0.17339440993063196
39.8,0.0644212768093192,0.08130962889763983,0.10305537072537677,0.13524700143193752,0.23790682141802189,0.05393737253429769,0.1734855446087027
39.85,0.06442563312761863,0.08131536310287732,0.10306362154883195,0.1351600907480091,0.23801252923215938,0.05384472764513179,0.17358689610454076
39.9,0.06442819210027803,0.08132208556978296,0.10306628831490422,0.13507480068222394,0.23812463452550414,0.05375271511244098,0.1736964424252261
39.95,0.06443164743372598,0.08130606383124143,0.10307362749500412,0.1349925257256978,0.23824096864471345,0.053686461894456375,0.17380932121098747
40.0,0.06443918245341025,0.08128695126222543,0.10308616017322855,0.1349798516706834,0.23835931330507726,0.05369290040845798,0.17392013085166702
