problem_id,implementation,measurement,trial,N,h,runtime_s,peak_rss_mib
coupled_linear_d10_alpha0.8_t20,Julia,baseline,1,0,0.0,0.0,526.390625
coupled_linear_d10_alpha0.8_t20,Julia,baseline,2,0,0.0,0.0,527.8125
coupled_linear_d10_alpha0.8_t20,Julia,baseline,3,0,0.0,0.0,525.109375
coupled_linear_d10_alpha0.8_t20,Julia,baseline,4,0,0.0,0.0,526.875
coupled_linear_d10_alpha0.8_t20,Julia,baseline,5,0,0.0,0.0,524.890625
coupled_linear_d10_alpha0.8_t20,Julia,solve,1,320,0.0625,0.000794792,536.71875
coupled_linear_d10_alpha0.8_t20,Julia,solve,2,320,0.0625,0.000859042,522.03125
coupled_linear_d10_alpha0.8_t20,Julia,solve,3,320,0.0625,0.000786125,541.4375
coupled_linear_d10_alpha0.8_t20,Julia,solve,4,320,0.0625,0.000863791,536.171875
coupled_linear_d10_alpha0.8_t20,Julia,solve,5,320,0.0625,0.000849792,540.859375
coupled_linear_d10_alpha0.8_t20,Julia,solve,1,640,0.03125,0.001677125,540.453125
coupled_linear_d10_alpha0.8_t20,Julia,solve,2,640,0.03125,0.001700291,539.078125
coupled_linear_d10_alpha0.8_t20,Julia,solve,3,640,0.03125,0.001720833,539.0625
coupled_linear_d10_alpha0.8_t20,Julia,solve,4,640,0.03125,0.001686125,537.515625
coupled_linear_d10_alpha0.8_t20,Julia,solve,5,640,0.03125,0.001710625,539.0625
coupled_linear_d10_alpha0.8_t20,Julia,solve,1,1280,0.015625,0.00354275,548.0
coupled_linear_d10_alpha0.8_t20,Julia,solve,2,1280,0.015625,0.003657083,547.9375
coupled_linear_d10_alpha0.8_t20,Julia,solve,3,1280,0.015625,0.003573792,542.25
coupled_linear_d10_alpha0.8_t20,Julia,solve,4,1280,0.015625,0.004043625,543.328125
coupled_linear_d10_alpha0.8_t20,Julia,solve,5,1280,0.015625,0.004049417,540.390625
coupled_linear_d10_alpha0.8_t20,Julia,solve,1,2560,0.0078125,0.008191916,542.640625
coupled_linear_d10_alpha0.8_t20,Julia,solve,2,2560,0.0078125,0.007921208,557.34375
coupled_linear_d10_alpha0.8_t20,Julia,solve,3,2560,0.0078125,0.008576833,557.796875
coupled_linear_d10_alpha0.8_t20,Julia,solve,4,2560,0.0078125,0.007706417,559.03125
coupled_linear_d10_alpha0.8_t20,Julia,solve,5,2560,0.0078125,0.007698792,558.265625
coupled_linear_d10_alpha0.8_t20,Julia,solve,1,5120,0.00390625,0.017747583,588.78125
coupled_linear_d10_alpha0.8_t20,Julia,solve,2,5120,0.00390625,0.018002208,588.9375
coupled_linear_d10_alpha0.8_t20,Julia,solve,3,5120,0.00390625,0.017891125,586.328125
coupled_linear_d10_alpha0.8_t20,Julia,solve,4,5120,0.00390625,0.017851458,586.5
coupled_linear_d10_alpha0.8_t20,Julia,solve,5,5120,0.00390625,0.019666042,591.359375
coupled_linear_d10_alpha0.8_t20,Julia,solve,1,10240,0.001953125,0.158502917,605.171875
coupled_linear_d10_alpha0.8_t20,Julia,solve,2,10240,0.001953125,0.156228417,603.578125
coupled_linear_d10_alpha0.8_t20,Julia,solve,3,10240,0.001953125,0.155678041,605.9375
coupled_linear_d10_alpha0.8_t20,Julia,solve,4,10240,0.001953125,0.15598225,606.515625
coupled_linear_d10_alpha0.8_t20,Julia,solve,5,10240,0.001953125,0.15415775,602.875
coupled_linear_d10_alpha0.8_t20,Julia,solve,1,20480,0.0009765625,0.212431833,682.625
coupled_linear_d10_alpha0.8_t20,Julia,solve,2,20480,0.0009765625,0.210425208,666.828125
coupled_linear_d10_alpha0.8_t20,Julia,solve,3,20480,0.0009765625,0.212304583,678.65625
coupled_linear_d10_alpha0.8_t20,Julia,solve,4,20480,0.0009765625,0.215667208,681.578125
coupled_linear_d10_alpha0.8_t20,Julia,solve,5,20480,0.0009765625,0.219236125,682.203125
coupled_linear_d10_alpha0.8_t20,Julia,solve,1,40960,0.00048828125,0.345719917,757.609375
coupled_linear_d10_alpha0.8_t20,Julia,solve,2,40960,0.00048828125,0.34291425,755.546875
coupled_linear_d10_alpha0.8_t20,Julia,solve,3,40960,0.00048828125,0.353013916,755.921875
coupled_linear_d10_alpha0.8_t20,Julia,solve,4,40960,0.00048828125,0.351767,758.765625
coupled_linear_d10_alpha0.8_t20,Julia,solve,5,40960,0.00048828125,0.341571792,755.609375
coupled_linear_d10_alpha0.8_t20,MATLAB,baseline,1,0,0.0,0.0,573.609375
coupled_linear_d10_alpha0.8_t20,MATLAB,baseline,2,0,0.0,0.0,573.171875
coupled_linear_d10_alpha0.8_t20,MATLAB,baseline,3,0,0.0,0.0,515.375
coupled_linear_d10_alpha0.8_t20,MATLAB,baseline,4,0,0.0,0.0,572.984375
coupled_linear_d10_alpha0.8_t20,MATLAB,baseline,5,0,0.0,0.0,573.65625
coupled_linear_d10_alpha0.8_t20,MATLAB,solve,1,320,0.0625,0.05518495833333333,599.34375
coupled_linear_d10_alpha0.8_t20,MATLAB,solve,2,320,0.0625,0.038022958333333336,602.859375
coupled_linear_d10_alpha0.8_t20,MATLAB,solve,3,320,0.0625,0.039919416666666666,603.921875
coupled_linear_d10_alpha0.8_t20,MATLAB,solve,4,320,0.0625,0.041068458333333335,591.46875
coupled_linear_d10_alpha0.8_t20,MATLAB,solve,5,320,0.0625,0.03622475,552.390625
coupled_linear_d10_alpha0.8_t20,MATLAB,solve,1,640,0.03125,0.060522708333333335,603.5
coupled_linear_d10_alpha0.8_t20,MATLAB,solve,2,640,0.03125,0.05529425,607.34375
coupled_linear_d10_alpha0.8_t20,MATLAB,solve,3,640,0.03125,0.053245958333333336,605.484375
coupled_linear_d10_alpha0.8_t20,MATLAB,solve,4,640,0.03125,0.048922041666666666,576.671875
coupled_linear_d10_alpha0.8_t20,MATLAB,solve,5,640,0.03125,0.05621025,605.453125
coupled_linear_d10_alpha0.8_t20,MATLAB,solve,1,1280,0.015625,0.075208375,615.953125
coupled_linear_d10_alpha0.8_t20,MATLAB,solve,2,1280,0.015625,0.07852616666666666,614.109375
coupled_linear_d10_alpha0.8_t20,MATLAB,solve,3,1280,0.015625,0.07664879166666666,616.609375
coupled_linear_d10_alpha0.8_t20,MATLAB,solve,4,1280,0.015625,0.080324375,617.46875
coupled_linear_d10_alpha0.8_t20,MATLAB,solve,5,1280,0.015625,0.07713483333333333,570.3125
coupled_linear_d10_alpha0.8_t20,MATLAB,solve,1,2560,0.0078125,0.11218704166666667,616.28125
coupled_linear_d10_alpha0.8_t20,MATLAB,solve,2,2560,0.0078125,0.11047308333333333,616.609375
coupled_linear_d10_alpha0.8_t20,MATLAB,solve,3,2560,0.0078125,0.11165491666666667,620.6875
coupled_linear_d10_alpha0.8_t20,MATLAB,solve,4,2560,0.0078125,0.11210908333333333,620.296875
coupled_linear_d10_alpha0.8_t20,MATLAB,solve,5,2560,0.0078125,0.11646375,558.328125
coupled_linear_d10_alpha0.8_t20,MATLAB,solve,1,5120,0.00390625,0.15770466666666666,620.390625
coupled_linear_d10_alpha0.8_t20,MATLAB,solve,2,5120,0.00390625,0.16119733333333333,631.53125
coupled_linear_d10_alpha0.8_t20,MATLAB,solve,3,5120,0.00390625,0.148399375,625.203125
coupled_linear_d10_alpha0.8_t20,MATLAB,solve,4,5120,0.00390625,0.158460125,628.78125
coupled_linear_d10_alpha0.8_t20,MATLAB,solve,5,5120,0.00390625,0.16615745833333334,631.5
coupled_linear_d10_alpha0.8_t20,MATLAB,solve,1,10240,0.001953125,0.24684558333333334,575.5
coupled_linear_d10_alpha0.8_t20,MATLAB,solve,2,10240,0.001953125,0.236323125,593.0
coupled_linear_d10_alpha0.8_t20,MATLAB,solve,3,10240,0.001953125,0.25839208333333336,643.59375
coupled_linear_d10_alpha0.8_t20,MATLAB,solve,4,10240,0.001953125,0.23967675,641.46875
coupled_linear_d10_alpha0.8_t20,MATLAB,solve,5,10240,0.001953125,0.24077520833333332,638.4375
coupled_linear_d10_alpha0.8_t20,MATLAB,solve,1,20480,0.0009765625,0.4209962916666667,674.28125
coupled_linear_d10_alpha0.8_t20,MATLAB,solve,2,20480,0.0009765625,0.4066875833333333,676.984375
coupled_linear_d10_alpha0.8_t20,MATLAB,solve,3,20480,0.0009765625,0.3889935,621.703125
coupled_linear_d10_alpha0.8_t20,MATLAB,solve,4,20480,0.0009765625,0.42430825,667.453125
coupled_linear_d10_alpha0.8_t20,MATLAB,solve,5,20480,0.0009765625,0.40904854166666665,679.125
coupled_linear_d10_alpha0.8_t20,MATLAB,solve,1,40960,0.00048828125,0.7540594583333333,744.046875
coupled_linear_d10_alpha0.8_t20,MATLAB,solve,2,40960,0.00048828125,0.743579,743.53125
coupled_linear_d10_alpha0.8_t20,MATLAB,solve,3,40960,0.00048828125,0.7421620833333333,746.640625
coupled_linear_d10_alpha0.8_t20,MATLAB,solve,4,40960,0.00048828125,0.741326,681.671875
coupled_linear_d10_alpha0.8_t20,MATLAB,solve,5,40960,0.00048828125,0.75169575,685.046875
coupled_linear_d10_alpha0.8_t20,Python,baseline,1,0,0.0,0.0,58.296875
coupled_linear_d10_alpha0.8_t20,Python,baseline,2,0,0.0,0.0,58.71875
coupled_linear_d10_alpha0.8_t20,Python,baseline,3,0,0.0,0.0,58.859375
coupled_linear_d10_alpha0.8_t20,Python,baseline,4,0,0.0,0.0,58.390625
coupled_linear_d10_alpha0.8_t20,Python,baseline,5,0,0.0,0.0,58.28125
coupled_linear_d10_alpha0.8_t20,Python,solve,1,320,0.0625,0.02251304197125137,59.0
coupled_linear_d10_alpha0.8_t20,Python,solve,2,320,0.0625,0.022059999988414347,58.90625
coupled_linear_d10_alpha0.8_t20,Python,solve,3,320,0.0625,0.022314540983643383,57.625
coupled_linear_d10_alpha0.8_t20,Python,solve,4,320,0.0625,0.022566750005353242,59.0625
coupled_linear_d10_alpha0.8_t20,Python,solve,5,320,0.0625,0.02215612499276176,58.59375
coupled_linear_d10_alpha0.8_t20,Python,solve,1,640,0.03125,0.07023533299798146,59.25
coupled_linear_d10_alpha0.8_t20,Python,solve,2,640,0.03125,0.07049045799067244,59.125
coupled_linear_d10_alpha0.8_t20,Python,solve,3,640,0.03125,0.07089658302720636,59.0625
coupled_linear_d10_alpha0.8_t20,Python,solve,4,640,0.03125,0.07099816697882488,59.15625
coupled_linear_d10_alpha0.8_t20,Python,solve,5,640,0.03125,0.06952641700627282,59.46875
coupled_linear_d10_alpha0.8_t20,Python,solve,1,1280,0.015625,0.2434607499744743,60.078125
coupled_linear_d10_alpha0.8_t20,Python,solve,2,1280,0.015625,0.2412127919960767,59.984375
coupled_linear_d10_alpha0.8_t20,Python,solve,3,1280,0.015625,0.2424327499466017,60.578125
coupled_linear_d10_alpha0.8_t20,Python,solve,4,1280,0.015625,0.240151583973784,60.453125
coupled_linear_d10_alpha0.8_t20,Python,solve,5,1280,0.015625,0.243549708975479,60.71875
coupled_linear_d10_alpha0.8_t20,Python,solve,1,2560,0.0078125,0.9174857920152135,68.375
coupled_linear_d10_alpha0.8_t20,Python,solve,2,2560,0.0078125,0.8903769999742508,64.25
coupled_linear_d10_alpha0.8_t20,Python,solve,3,2560,0.0078125,0.8934621249791235,66.15625
coupled_linear_d10_alpha0.8_t20,Python,solve,4,2560,0.0078125,0.881075042008888,63.34375
coupled_linear_d10_alpha0.8_t20,Python,solve,5,2560,0.0078125,0.8892619159887545,63.828125
coupled_linear_d10_alpha0.8_t20,Python,solve,1,5120,0.00390625,3.470508916012477,69.6875
coupled_linear_d10_alpha0.8_t20,Python,solve,2,5120,0.00390625,3.486449249961879,75.171875
coupled_linear_d10_alpha0.8_t20,Python,solve,3,5120,0.00390625,3.487069708004128,72.296875
coupled_linear_d10_alpha0.8_t20,Python,solve,4,5120,0.00390625,3.5114704580046237,75.03125
coupled_linear_d10_alpha0.8_t20,Python,solve,5,5120,0.00390625,3.4615192080382258,75.078125
coupled_linear_d10_alpha0.8_t20,Python,solve,1,10240,0.001953125,14.201041582971811,84.8125
coupled_linear_d10_alpha0.8_t20,Python,solve,2,10240,0.001953125,13.933589916967321,89.0
coupled_linear_d10_alpha0.8_t20,Python,solve,3,10240,0.001953125,13.925751625036355,87.375
coupled_linear_d10_alpha0.8_t20,Python,solve,4,10240,0.001953125,13.92203445796622,89.9375
coupled_linear_d10_alpha0.8_t20,Python,solve,5,10240,0.001953125,14.040401290985756,81.078125
coupled_linear_d10_alpha0.8_t20,Python,solve,1,20480,0.0009765625,57.49032766697928,102.375
coupled_linear_d10_alpha0.8_t20,Python,solve,2,20480,0.0009765625,57.748323582985904,113.703125
coupled_linear_d10_alpha0.8_t20,Python,solve,3,20480,0.0009765625,57.9862691249582,111.625
coupled_linear_d10_alpha0.8_t20,Python,solve,4,20480,0.0009765625,57.515517583000474,116.515625
coupled_linear_d10_alpha0.8_t20,Python,solve,5,20480,0.0009765625,57.75596845900873,113.015625
coupled_linear_d10_alpha0.8_t20,Python,solve,1,40960,0.00048828125,254.13397629198153,144.78125
coupled_linear_d10_alpha0.8_t20,Python,solve,2,40960,0.00048828125,254.13766654097708,159.84375
coupled_linear_d10_alpha0.8_t20,Python,solve,3,40960,0.00048828125,253.26481629098998,147.609375
coupled_linear_d10_alpha0.8_t20,Python,solve,4,40960,0.00048828125,252.34048091596924,146.09375
coupled_linear_d10_alpha0.8_t20,Python,solve,5,40960,0.00048828125,253.3622135000187,148.953125
scalar_linear_d1_alpha0.8_t5,Julia,baseline,1,0,0.0,0.0,524.296875
scalar_linear_d1_alpha0.8_t5,Julia,baseline,2,0,0.0,0.0,535.09375
scalar_linear_d1_alpha0.8_t5,Julia,baseline,3,0,0.0,0.0,529.984375
scalar_linear_d1_alpha0.8_t5,Julia,baseline,4,0,0.0,0.0,532.421875
scalar_linear_d1_alpha0.8_t5,Julia,baseline,5,0,0.0,0.0,534.53125
scalar_linear_d1_alpha0.8_t5,Julia,solve,1,320,0.015625,0.000361709,537.953125
scalar_linear_d1_alpha0.8_t5,Julia,solve,2,320,0.015625,0.000533916,537.6875
scalar_linear_d1_alpha0.8_t5,Julia,solve,3,320,0.015625,0.000390458,546.734375
scalar_linear_d1_alpha0.8_t5,Julia,solve,4,320,0.015625,0.000507542,543.671875
scalar_linear_d1_alpha0.8_t5,Julia,solve,5,320,0.015625,0.000406667,529.0
scalar_linear_d1_alpha0.8_t5,Julia,solve,1,640,0.0078125,0.000632417,539.0625
scalar_linear_d1_alpha0.8_t5,Julia,solve,2,640,0.0078125,0.000719708,536.765625
scalar_linear_d1_alpha0.8_t5,Julia,solve,3,640,0.0078125,0.000712833,546.46875
scalar_linear_d1_alpha0.8_t5,Julia,solve,4,640,0.0078125,0.001066459,532.578125
scalar_linear_d1_alpha0.8_t5,Julia,solve,5,640,0.0078125,0.000678917,545.796875
scalar_linear_d1_alpha0.8_t5,Julia,solve,1,1280,0.00390625,0.001148084,537.453125
scalar_linear_d1_alpha0.8_t5,Julia,solve,2,1280,0.00390625,0.001441625,547.21875
scalar_linear_d1_alpha0.8_t5,Julia,solve,3,1280,0.00390625,0.001225125,544.265625
scalar_linear_d1_alpha0.8_t5,Julia,solve,4,1280,0.00390625,0.001289541,546.1875
scalar_linear_d1_alpha0.8_t5,Julia,solve,5,1280,0.00390625,0.001217166,544.78125
scalar_linear_d1_alpha0.8_t5,Julia,solve,1,2560,0.001953125,0.002533459,538.8125
scalar_linear_d1_alpha0.8_t5,Julia,solve,2,2560,0.001953125,0.002400875,545.5625
scalar_linear_d1_alpha0.8_t5,Julia,solve,3,2560,0.001953125,0.002499209,547.953125
scalar_linear_d1_alpha0.8_t5,Julia,solve,4,2560,0.001953125,0.002385458,547.15625
scalar_linear_d1_alpha0.8_t5,Julia,solve,5,2560,0.001953125,0.002510125,546.078125
scalar_linear_d1_alpha0.8_t5,Julia,solve,1,5120,0.0009765625,0.004523375,536.046875
scalar_linear_d1_alpha0.8_t5,Julia,solve,2,5120,0.0009765625,0.005072333,533.03125
scalar_linear_d1_alpha0.8_t5,Julia,solve,3,5120,0.0009765625,0.004971292,546.296875
scalar_linear_d1_alpha0.8_t5,Julia,solve,4,5120,0.0009765625,0.006325625,542.5
scalar_linear_d1_alpha0.8_t5,Julia,solve,5,5120,0.0009765625,0.004910209,529.890625
scalar_linear_d1_alpha0.8_t5,Julia,solve,1,10240,0.00048828125,0.011108375,554.1875
scalar_linear_d1_alpha0.8_t5,Julia,solve,2,10240,0.00048828125,0.011250583,554.203125
scalar_linear_d1_alpha0.8_t5,Julia,solve,3,10240,0.00048828125,0.011650875,555.875
scalar_linear_d1_alpha0.8_t5,Julia,solve,4,10240,0.00048828125,0.011678166,553.78125
scalar_linear_d1_alpha0.8_t5,Julia,solve,5,10240,0.00048828125,0.011200292,542.796875
scalar_linear_d1_alpha0.8_t5,Julia,solve,1,20480,0.000244140625,0.02670375,567.734375
scalar_linear_d1_alpha0.8_t5,Julia,solve,2,20480,0.000244140625,0.024086166,568.921875
scalar_linear_d1_alpha0.8_t5,Julia,solve,3,20480,0.000244140625,0.025135792,566.96875
scalar_linear_d1_alpha0.8_t5,Julia,solve,4,20480,0.000244140625,0.021924458,567.4375
scalar_linear_d1_alpha0.8_t5,Julia,solve,5,20480,0.000244140625,0.023770416,570.59375
scalar_linear_d1_alpha0.8_t5,Julia,solve,1,40960,0.0001220703125,0.052933167,586.90625
scalar_linear_d1_alpha0.8_t5,Julia,solve,2,40960,0.0001220703125,0.047773791,584.921875
scalar_linear_d1_alpha0.8_t5,Julia,solve,3,40960,0.0001220703125,0.05552975,580.046875
scalar_linear_d1_alpha0.8_t5,Julia,solve,4,40960,0.0001220703125,0.054682208,560.765625
scalar_linear_d1_alpha0.8_t5,Julia,solve,5,40960,0.0001220703125,0.054011083,575.015625
scalar_linear_d1_alpha0.8_t5,MATLAB,baseline,1,0,0.0,0.0,515.046875
scalar_linear_d1_alpha0.8_t5,MATLAB,baseline,2,0,0.0,0.0,554.609375
scalar_linear_d1_alpha0.8_t5,MATLAB,baseline,3,0,0.0,0.0,572.21875
scalar_linear_d1_alpha0.8_t5,MATLAB,baseline,4,0,0.0,0.0,572.40625
scalar_linear_d1_alpha0.8_t5,MATLAB,baseline,5,0,0.0,0.0,567.84375
scalar_linear_d1_alpha0.8_t5,MATLAB,solve,1,320,0.015625,0.03413279166666667,576.21875
scalar_linear_d1_alpha0.8_t5,MATLAB,solve,2,320,0.015625,0.038047333333333336,599.71875
scalar_linear_d1_alpha0.8_t5,MATLAB,solve,3,320,0.015625,0.021954208333333333,599.796875
scalar_linear_d1_alpha0.8_t5,MATLAB,solve,4,320,0.015625,0.023380833333333333,597.5
scalar_linear_d1_alpha0.8_t5,MATLAB,solve,5,320,0.015625,0.022291958333333334,599.890625
scalar_linear_d1_alpha0.8_t5,MATLAB,solve,1,640,0.0078125,0.038835625,538.4375
scalar_linear_d1_alpha0.8_t5,MATLAB,solve,2,640,0.0078125,0.02907575,572.203125
scalar_linear_d1_alpha0.8_t5,MATLAB,solve,3,640,0.0078125,0.029800916666666667,596.71875
scalar_linear_d1_alpha0.8_t5,MATLAB,solve,4,640,0.0078125,0.037754875,553.109375
scalar_linear_d1_alpha0.8_t5,MATLAB,solve,5,640,0.0078125,0.03391125,564.046875
scalar_linear_d1_alpha0.8_t5,MATLAB,solve,1,1280,0.00390625,0.06258316666666666,538.875
scalar_linear_d1_alpha0.8_t5,MATLAB,solve,2,1280,0.00390625,0.05069841666666667,523.59375
scalar_linear_d1_alpha0.8_t5,MATLAB,solve,3,1280,0.00390625,0.07681679166666666,578.078125
scalar_linear_d1_alpha0.8_t5,MATLAB,solve,4,1280,0.00390625,0.06779995833333333,547.484375
scalar_linear_d1_alpha0.8_t5,MATLAB,solve,5,1280,0.00390625,0.06900820833333333,570.0625
scalar_linear_d1_alpha0.8_t5,MATLAB,solve,1,2560,0.001953125,0.07240958333333333,601.859375
scalar_linear_d1_alpha0.8_t5,MATLAB,solve,2,2560,0.001953125,0.09601279166666667,553.734375
scalar_linear_d1_alpha0.8_t5,MATLAB,solve,3,2560,0.001953125,0.09406333333333333,611.390625
scalar_linear_d1_alpha0.8_t5,MATLAB,solve,4,2560,0.001953125,0.096434875,607.390625
scalar_linear_d1_alpha0.8_t5,MATLAB,solve,5,2560,0.001953125,0.07830670833333334,594.421875
scalar_linear_d1_alpha0.8_t5,MATLAB,solve,1,5120,0.0009765625,0.10307079166666666,601.265625
scalar_linear_d1_alpha0.8_t5,MATLAB,solve,2,5120,0.0009765625,0.11743854166666666,610.953125
scalar_linear_d1_alpha0.8_t5,MATLAB,solve,3,5120,0.0009765625,0.161315375,548.5
scalar_linear_d1_alpha0.8_t5,MATLAB,solve,4,5120,0.0009765625,0.14603683333333334,555.921875
scalar_linear_d1_alpha0.8_t5,MATLAB,solve,5,5120,0.0009765625,0.14855229166666667,573.90625
scalar_linear_d1_alpha0.8_t5,MATLAB,solve,1,10240,0.00048828125,0.14720504166666668,583.984375
scalar_linear_d1_alpha0.8_t5,MATLAB,solve,2,10240,0.00048828125,0.16457795833333333,548.59375
scalar_linear_d1_alpha0.8_t5,MATLAB,solve,3,10240,0.00048828125,0.28196683333333333,521.640625
scalar_linear_d1_alpha0.8_t5,MATLAB,solve,4,10240,0.00048828125,0.16079741666666666,526.90625
scalar_linear_d1_alpha0.8_t5,MATLAB,solve,5,10240,0.00048828125,0.134531125,610.109375
scalar_linear_d1_alpha0.8_t5,MATLAB,solve,1,20480,0.000244140625,0.2541964583333333,614.71875
scalar_linear_d1_alpha0.8_t5,MATLAB,solve,2,20480,0.000244140625,0.223227875,572.359375
scalar_linear_d1_alpha0.8_t5,MATLAB,solve,3,20480,0.000244140625,0.26007404166666664,601.234375
scalar_linear_d1_alpha0.8_t5,MATLAB,solve,4,20480,0.000244140625,0.231972625,616.796875
scalar_linear_d1_alpha0.8_t5,MATLAB,solve,5,20480,0.000244140625,0.26053058333333334,547.4375
scalar_linear_d1_alpha0.8_t5,MATLAB,solve,1,40960,0.0001220703125,0.41135283333333333,537.5
scalar_linear_d1_alpha0.8_t5,MATLAB,solve,2,40960,0.0001220703125,0.372045875,571.71875
scalar_linear_d1_alpha0.8_t5,MATLAB,solve,3,40960,0.0001220703125,0.38653445833333333,623.234375
scalar_linear_d1_alpha0.8_t5,MATLAB,solve,4,40960,0.0001220703125,0.3981905416666667,597.375
scalar_linear_d1_alpha0.8_t5,MATLAB,solve,5,40960,0.0001220703125,0.4033125833333333,572.21875
scalar_linear_d1_alpha0.8_t5,Python,baseline,1,0,0.0,0.0,58.515625
scalar_linear_d1_alpha0.8_t5,Python,baseline,2,0,0.0,0.0,58.3125
scalar_linear_d1_alpha0.8_t5,Python,baseline,3,0,0.0,0.0,58.203125
scalar_linear_d1_alpha0.8_t5,Python,baseline,4,0,0.0,0.0,58.0625
scalar_linear_d1_alpha0.8_t5,Python,baseline,5,0,0.0,0.0,58.921875
scalar_linear_d1_alpha0.8_t5,Python,solve,1,320,0.015625,0.010111125011462718,58.53125
scalar_linear_d1_alpha0.8_t5,Python,solve,2,320,0.015625,0.010075333004351705,58.6875
scalar_linear_d1_alpha0.8_t5,Python,solve,3,320,0.015625,0.010243833996355534,58.859375
scalar_linear_d1_alpha0.8_t5,Python,solve,4,320,0.015625,0.009970624989364296,58.546875
scalar_linear_d1_alpha0.8_t5,Python,solve,5,320,0.015625,0.010383082961197942,58.4375
scalar_linear_d1_alpha0.8_t5,Python,solve,1,640,0.0078125,0.022699791006743908,59.703125
scalar_linear_d1_alpha0.8_t5,Python,solve,2,640,0.0078125,0.02228829200612381,59.25
scalar_linear_d1_alpha0.8_t5,Python,solve,3,640,0.0078125,0.022901457967236638,59.359375
scalar_linear_d1_alpha0.8_t5,Python,solve,4,640,0.0078125,0.022557292017154396,59.453125
scalar_linear_d1_alpha0.8_t5,Python,solve,5,640,0.0078125,0.02239900000859052,58.734375
scalar_linear_d1_alpha0.8_t5,Python,solve,1,1280,0.00390625,0.05315316701307893,58.3125
scalar_linear_d1_alpha0.8_t5,Python,solve,2,1280,0.00390625,0.05379779200302437,59.359375
scalar_linear_d1_alpha0.8_t5,Python,solve,3,1280,0.00390625,0.05376591597450897,58.65625
scalar_linear_d1_alpha0.8_t5,Python,solve,4,1280,0.00390625,0.05427345901262015,59.390625
scalar_linear_d1_alpha0.8_t5,Python,solve,5,1280,0.00390625,0.05355133302509785,58.625
scalar_linear_d1_alpha0.8_t5,Python,solve,1,2560,0.001953125,0.14411683398066089,59.890625
scalar_linear_d1_alpha0.8_t5,Python,solve,2,2560,0.001953125,0.15057787502883002,59.921875
scalar_linear_d1_alpha0.8_t5,Python,solve,3,2560,0.001953125,0.1448126249597408,59.90625
scalar_linear_d1_alpha0.8_t5,Python,solve,4,2560,0.001953125,0.14609962498070672,60.328125
scalar_linear_d1_alpha0.8_t5,Python,solve,5,2560,0.001953125,0.14447945798747241,60.203125
scalar_linear_d1_alpha0.8_t5,Python,solve,1,5120,0.0009765625,0.43980945798102766,61.125
scalar_linear_d1_alpha0.8_t5,Python,solve,2,5120,0.0009765625,0.4525682919775136,61.578125
scalar_linear_d1_alpha0.8_t5,Python,solve,3,5120,0.0009765625,0.44050820800475776,60.84375
scalar_linear_d1_alpha0.8_t5,Python,solve,4,5120,0.0009765625,0.4495689590112306,61.65625
scalar_linear_d1_alpha0.8_t5,Python,solve,5,5120,0.0009765625,0.4409622499952093,60.890625
scalar_linear_d1_alpha0.8_t5,Python,solve,1,10240,0.00048828125,1.4925397079787217,63.84375
scalar_linear_d1_alpha0.8_t5,Python,solve,2,10240,0.00048828125,1.509570290974807,64.75
scalar_linear_d1_alpha0.8_t5,Python,solve,3,10240,0.00048828125,1.4959036659565754,64.78125
scalar_linear_d1_alpha0.8_t5,Python,solve,4,10240,0.00048828125,1.496322249993682,64.875
scalar_linear_d1_alpha0.8_t5,Python,solve,5,10240,0.00048828125,1.4866930830175988,63.953125
scalar_linear_d1_alpha0.8_t5,Python,solve,1,20480,0.000244140625,5.367525083012879,70.140625
scalar_linear_d1_alpha0.8_t5,Python,solve,2,20480,0.000244140625,5.376710541022476,71.8125
scalar_linear_d1_alpha0.8_t5,Python,solve,3,20480,0.000244140625,5.356915083015338,70.25
scalar_linear_d1_alpha0.8_t5,Python,solve,4,20480,0.000244140625,5.386218125000596,69.90625
scalar_linear_d1_alpha0.8_t5,Python,solve,5,20480,0.000244140625,5.371252041019034,70.96875
scalar_linear_d1_alpha0.8_t5,Python,solve,1,40960,0.0001220703125,20.726798875024542,70.75
scalar_linear_d1_alpha0.8_t5,Python,solve,2,40960,0.0001220703125,20.947100332996342,80.921875
scalar_linear_d1_alpha0.8_t5,Python,solve,3,40960,0.0001220703125,20.76962870801799,82.40625
scalar_linear_d1_alpha0.8_t5,Python,solve,4,40960,0.0001220703125,20.87821954098763,70.171875
scalar_linear_d1_alpha0.8_t5,Python,solve,5,40960,0.0001220703125,20.89029233402107,81.578125
